ItemId,Name,Sell1,Buy1,Price1,Stock1,Sell12,Buy12,Price12,Stock12
2,               Simple Bed,1,1,1050,5,0,1,1,5
3,                  Oak Bed,1,1,20000,5,0,1,1,5
4,             Mahogany Bed,1,1,25000,5,0,1,1,5
5,               Bronze Bed,1,1,20000,5,0,1,1,5
6,              Noble's Bed,1,1,70000,5,0,1,1,5
8,                Royal Bed,1,1,50000,5,0,1,1,5
21,                     Desk,1,1,5000,5,0,1,1,5
22,                Workbench,1,1,1000,5,0,1,1,5
23,              Maple Table,1,1,1000,5,0,1,1,5
24,                Oak Table,1,1,10000,5,0,1,1,5
26,            Tarutaru Desk,1,1,3000,5,0,1,1,5
29,               Secretaire,1,1,5000,5,0,1,1,5
30,                   Bureau,1,1,10000,5,0,1,1,5
32,                  Dresser,1,1,35000,5,0,1,1,5
33,         Millionaire Desk,1,1,40000,5,0,1,1,5
43,               Wicker Box,1,1,4000,5,0,1,1,5
46,                Armor Box,1,1,3500,5,0,1,1,5
49,                   Coffer,1,1,5000,5,0,1,1,5
51,                    Chest,1,1,1000,5,0,1,1,5
55,                  Cabinet,1,1,10000,5,0,1,1,5
56,                  Commode,1,1,9550,5,0,1,1,5
59,               Chiffonier,1,1,10000,5,0,1,1,5
61,                  Armoire,1,1,20000,5,0,1,1,5
76,          Royal Bookshelf,1,1,60000,5,0,1,1,5
77,                Bookshelf,1,1,40000,5,0,1,1,5
86,         San D'Orian Tree,1,1,20000,5,0,1,1,5
87,                Kadomatsu,1,1,5000,5,0,1,1,5
90,             Rusty Bucket,1,1,100,5,0,1,1,5
91,             Blue Pitcher,1,1,20000,5,0,1,1,5
92,           Tarutaru Stool,1,1,2000,5,0,1,1,5
93,               Water Cask,1,1,1000,5,0,1,1,5
95,             Water Barrel,1,1,5000,5,0,1,1,5
96,          Beverage Barrel,1,1,12000,5,0,1,1,5
97,              Book Holder,1,1,1000,5,0,1,1,5
98,          Scimitar Cactus,1,1,10000,5,0,1,1,5
99,             Elshimo Palm,1,1,10000,5,0,1,1,5
102,             Flower Stand,1,1,1000,5,0,1,1,5
103,            Goldfish Bowl,1,1,80000,5,0,1,1,5
104,                   Taru F,1,1,3000,5,0,1,1,5
107,                Water Jug,1,1,1000,5,0,1,1,5
110,                White Jar,1,1,2000,5,0,1,1,5
112,               Yellow Jar,1,1,1000,5,0,1,1,5
113,        Cleaning Tool Set,1,1,10000,5,0,1,1,5
115,            Bastokan Tree,1,1,10000,5,0,1,1,5
116,         Windurstian Tree,1,1,10000,5,0,1,1,5
120,                        F,1,1,10000,5,0,1,1,5
121,                        S,1,1,10000,5,0,1,1,5
122,                 Amir Bed,1,1,10000,5,0,1,1,5
123,               Athenienne,1,1,15001,5,0,1,1,5
124,                 Wardrobe,1,1,20000,5,0,1,1,5
125,                Reliquary,1,1,10000,5,0,1,1,5
126,             Falsiam Vase,1,1,10000,5,0,1,1,5
127,             Coffee Table,1,1,20000,5,0,1,1,5
128,                  Console,1,1,10000,5,0,1,1,5
130,               Marble Bed,1,1,30000,5,0,1,1,5
132,            Tableware Set,1,1,20000,5,0,1,1,5
133,                  Tea Set,1,1,10000,5,0,1,1,5
139,               Star Globe,1,1,10000,5,0,1,1,5
143,                    Ngoma,1,1,90000,5,0,1,1,5
144,                  Caisson,1,1,4055,5,0,1,1,5
145,                 Thurible,1,1,10000,5,0,1,1,5
146,           Walahra Burner,1,1,20000,5,0,1,1,5
147,        Imperial Tapestry,1,1,10000,5,0,1,1,5
148,               Cartonnier,1,1,30000,5,0,1,1,5
149,        Alchemist's Tools,1,1,60000,5,0,1,1,5
150,              Leather Pot,1,1,20000,5,0,1,1,5
185,              Rook Banner,1,1,100000,5,0,1,1,5
186,            Shield Plaque,1,1,10000,5,0,1,1,5
187,           Buckler Plaque,1,1,10000,5,0,1,1,5
188,          Acolyte's Grief,1,1,20000,5,0,1,1,5
189,             Autumn's End,1,1,10000,5,0,1,1,5
195,              The Big One,1,1,10000,5,0,1,1,5
200,             Tsahyan Mask,1,1,55000,5,0,1,1,5
201,               Totem Pole,1,1,10000,5,0,1,1,5
206,            Ancient Blood,1,1,3000,5,0,1,1,5
207,                Fire Lamp,1,1,30000,5,0,1,1,5
208,                 Ice Lamp,1,1,10000,5,0,1,1,5
209,                Wind Lamp,1,1,10000,5,0,1,1,5
210,               Earth Lamp,1,1,10000,5,0,1,1,5
211,           Lightning Lamp,1,1,15000,5,0,1,1,5
212,               Water Lamp,1,1,30000,5,0,1,1,5
213,               Light Lamp,1,1,10000,5,0,1,1,5
214,                Dark Lamp,1,1,10000,5,0,1,1,5
216,                     Porc,1,1,1000,5,0,1,1,5
217,          Brass Flowerpot,1,1,1000,5,0,1,1,5
218,        Earthen Flowerpot,1,1,1000,5,0,1,1,5
219,        Ceramic Flowerpot,1,1,1000,5,0,1,1,5
220,         Wooden Flowerpot,1,1,5000,5,0,1,1,5
221,         Arcane Flowerpot,1,1,10000,5,0,1,1,5
222,       Fighting Fish Tank,1,1,100000,5,0,1,1,5
223,           River Aquarium,1,1,20000,5,0,1,1,5
224,             Bay Aquarium,1,1,20000,5,0,1,1,5
225,            Reef Aquarium,1,1,20000,5,0,1,1,5
314,9-Drawer Almirah,1,1,40000,5,0,1,1,5
315,6-Drawer Almirah,1,1,40000,5,0,1,1,5
316,3-Drawer Almirah,1,1,10000,5,0,1,1,5
317,              Bronze Rose,1,1,10000,5,0,1,1,5
318,             Crystal Rose,1,1,30000,5,0,1,1,5
319,               Shell Lamp,1,1,10000,5,0,1,1,5
321,             Mythril Bell,1,1,200000,5,0,1,1,5
322,              Horn Trophy,1,1,100000,5,0,1,1,5
326,          Yellow Hobby Bo,1,1,10000,5,0,1,1,5
327,             Red Hobby Bo,1,1,10000,5,0,1,1,5
328,           Black Hobby Bo,1,1,10000,5,0,1,1,5
329,            Blue Hobby Bo,1,1,10000,5,0,1,1,5
330,           Green Hobby Bo,1,1,20000,5,0,1,1,5
331,             Winged Altar,1,1,10000,5,0,1,1,5
332,            Winged Plaque,1,1,95000,5,0,1,1,5
333,           Winged Balance,1,1,10000,5,0,1,1,5
343,               Harp Stool,1,1,10000,5,0,1,1,5
349,                      Ryl,1,1,39000,5,0,1,1,5
350,                      Rep,1,1,50000,5,0,1,1,5
351,                      Fed,1,1,30000,5,0,1,1,5
352,           Half Partition,1,1,30000,5,0,1,1,5
353,                   Spence,1,1,20000,5,0,1,1,5
354,                Bookstack,1,1,50000,5,0,1,1,5
355,              Bread Crock,1,1,30000,5,0,1,1,5
357,                Partition,1,1,10000,5,0,1,1,5
358,                 Credenza,1,1,10000,5,0,1,1,5
359,                    Bahut,1,1,5000,5,0,1,1,5
360,                    Matka,1,1,50000,5,0,1,1,5
361,                 Gallipot,1,1,10000,5,0,1,1,5
362,             Fluoro-flora,1,1,10000,5,0,1,1,5
363,             Amigo Cactus,1,1,10000,5,0,1,1,5
364,             Amiga Cactus,1,1,15000,5,0,1,1,5
368,                      San,1,1,20000,5,0,1,1,5
369,                      Bas,1,1,15000,5,0,1,1,5
370,                      Win,1,1,10000,5,0,1,1,5
371,           Butterfly Cage,1,1,10000,5,0,1,1,5
372,             Cricket Cage,1,1,10000,5,0,1,1,5
373,             Glowfly Cage,1,1,20000,5,0,1,1,5
374,                 Parclose,1,1,40000,5,0,1,1,5
378,Blue 9D Almirah,1,1,20000,5,0,1,1,5
379,Blue 6D Almirah,1,1,20000,5,0,1,1,5
380,Blue 3D Almirah,1,1,10000,5,0,1,1,5
381,Green 9D Almirah,1,1,20000,5,0,1,1,5
382,Green 6D Almirah,1,1,20000,5,0,1,1,5
383,Green 3D Almirah,1,1,10000,5,0,1,1,5
384,Yellow 9D Almirah,1,1,50000,5,0,1,1,5
385,Yellow 6D Almirah,1,1,50000,5,0,1,1,5
386,Yellow 3D Almirah,1,1,10000,5,0,1,1,5
387,White 9D Almirah,1,1,50000,5,0,1,1,5
388,White 6D Almirah,1,1,50000,5,0,1,1,5
389,White 3D Almirah,1,1,10000,5,0,1,1,5
390,             Carmine Desk,1,1,20000,5,0,1,1,5
391,            Cerulean Desk,1,1,20000,5,0,1,1,5
392,              Myrtle Desk,1,1,20000,5,0,1,1,5
393,                Ecru Desk,1,1,20000,5,0,1,1,5
394,                        B,1,1,10000,5,0,1,1,5
395,                        G,1,1,20000,5,0,1,1,5
396,                        Y,1,1,10000,5,0,1,1,5
397,                        W,1,1,20000,5,0,1,1,5
402,         Blue Noble's Bed,1,1,80000,5,0,1,1,5
403,        Green Noble's Bed,1,1,30000,5,0,1,1,5
404,                      Yel,1,1,20000,5,0,1,1,5
405,        White Noble's Bed,1,1,50000,5,0,1,1,5
406,                        B,1,1,25000,5,0,1,1,5
407,                        G,1,1,20000,5,0,1,1,5
408,                        Y,1,1,10000,5,0,1,1,5
409,                        W,1,1,20000,5,0,1,1,5
410,          Red Round Table,1,1,10000,5,0,1,1,5
411,         Blue Round Table,1,1,60000,5,0,1,1,5
412,                Green Rnd,1,1,30000,5,0,1,1,5
413,               Yellow Rnd,1,1,60000,5,0,1,1,5
414,                White Rnd,1,1,20000,5,0,1,1,5
416,                Tomeshelf,1,1,30000,5,0,1,1,5
417,            Storage Hutch,1,1,10000,5,0,1,1,5
418,            Tidings Board,1,1,30000,5,0,1,1,5
419,            Leisure Table,1,1,15000,5,0,1,1,5
420,            Meadsweet Pot,1,1,50000,5,0,1,1,5
421,                        R,1,1,50000,5,0,1,1,5
422,          Elshimo Pachira,1,1,30000,5,0,1,1,5
423,             Tavern Bench,1,1,30000,5,0,1,1,5
424,           Feasting Table,1,1,50000,5,0,1,1,5
425,                Girandola,1,1,20000,5,0,1,1,5
429,                        R,1,1,10000,5,0,1,1,5
430,                        B,1,1,20000,5,0,1,1,5
431,                        G,1,1,10000,5,0,1,1,5
432,                        Y,1,1,10000,5,0,1,1,5
433,                        W,1,1,10000,5,0,1,1,5
440,               Squat Desk,1,1,20000,5,0,1,1,5
445,        Vaisselier Royale,1,1,40000,5,0,1,1,5
450,              Candelabrum,1,1,10000,5,0,1,1,5
459,            Candle Holder,1,1,10000,5,0,1,1,5
460,           Bakery Platter,1,1,10000,5,0,1,1,5
472,                      Bkn,1,1,2000,5,0,1,1,5
473,              Broken Comp,1,1,1000,5,0,1,1,5
482,                      Bkn,1,1,1000,5,0,1,1,5
483,                      Bkn,1,1,8000,5,0,1,1,5
484,                      Bkn,1,1,1000,5,0,1,1,5
485,                      Bkn,1,1,1000,5,0,1,1,5
486,                      Bkn,1,1,300,5,0,1,1,5
487,                      Bkn,1,1,300,5,0,1,1,5
488,                      Bkn,1,1,1000,5,0,1,1,5
489,                      Bkn,1,1,1000000,5,0,1,1,5
490,                      Bkn,1,1,3000,5,0,1,1,5
491,                      Bkn,1,1,1000,5,0,1,1,5
492,        Drachenfall Water,1,1,2000,5,0,1,1,5
493,            Brass Canteen,1,1,1000,5,0,1,1,5
497,              Gigas Socks,1,1,500,5,1,1,10000,5
498,          Yagudo Necklace,1,1,1000,5,1,1,10000,5
499,           Gigas Necklace,1,1,1000,5,1,1,10000,5
501,              Quadav Helm,1,1,500,5,1,1,6000,5
503,                  Sunsand,1,1,10000,5,1,1,2,5
505,                Sheepskin,1,1,1000,5,1,1,7000,5
506,           Coeurl Leather,1,1,4000,5,1,1,40000,5
507,              Goblin Mail,1,1,500,5,1,1,6000,5
508,              Goblin Helm,1,1,300,5,1,1,3000,5
510,             Goblin Armor,1,1,100,5,1,1,1000,5
511,              Goblin Mask,1,1,100,5,1,1,2000,5
529,              Luminicloth,1,1,5000,5,1,1,10000,5
532,          Magicmart Flyer,1,1,1,5,1,1,1,5
533,           Derfland Humus,1,1,1000,5,0,1,1,5
534,           Gausebit Grass,1,1,5000,5,1,1,30000,5
536,           Adventurer Cpn,1,1,1,5,0,1,1,5
544,             Test Answers,1,1,9000,5,0,1,1,5
546,            Starfall Tear,1,1,10000,5,0,1,1,5
548,          Tenshodo Invite,1,1,9950,5,0,1,1,5
550,              Steam Clock,1,1,1000,5,0,1,1,5
551,        Bruised Starfruit,1,1,2000,5,0,1,1,5
560,              Zeruhn Soot,1,1,100,5,1,1,1000,5
564,          Fingernail Sack,1,1,600,5,0,1,1,5
565,               Teeth Sack,1,1,1000,5,0,1,1,5
566,               Goblin Cup,1,1,500,5,0,1,1,5
568,               Goblin Die,1,1,1000,5,0,1,1,5
572,               Herb Seeds,1,1,100,5,1,1,1000,5
573,          Vegetable Seeds,1,1,100,5,1,1,12500,5
574,              Fruit Seeds,1,1,100,5,1,1,1000,5
575,              Grain Seeds,1,1,100,5,1,1,1000,5
596,         Quadav Backplate,1,1,500,5,1,1,6000,5
597,              Mine Gravel,1,1,2000,5,0,1,1,5
605,                  Pickaxe,1,1,1000,5,1,1,3000,5
606,              Fetich Head,1,1,2000,5,0,1,1,5
607,             Fetich Torso,1,1,2000,5,0,1,1,5
608,              Fetich Arms,1,1,2000,5,0,1,1,5
609,              Fetich Legs,1,1,2000,5,0,1,1,5
610,                 San D'Or,1,1,1000,5,1,1,1000,5
611,                Rye Flour,1,1,500,5,1,1,10000,5
612,           Kazham Peppers,1,1,100,5,1,1,3000,5
614,            Mhaura Garlic,1,1,1000,5,1,1,2000,5
615,           Selbina Butter,1,1,1000,5,1,1,6000,5
616,                Pie Dough,1,1,300,5,1,1,3000,5
617,                   Ginger,1,1,1000,5,1,1,4000,5
618,                Blue Peas,1,1,100,5,1,1,1000,5
619,                   Popoto,1,1,1000,5,1,1,1000,5
620,            Tarutaru Rice,1,1,200,5,1,1,3000,5
621,           Crying Mustard,1,1,1000,5,1,1,2000,5
622,           Dried Marjoram,1,1,500,5,1,1,2000,5
623,               Bay Leaves,1,1,100,5,1,1,2000,5
624,              Pamtam Kelp,1,1,1000,5,1,1,4000,5
625,            Apple Vinegar,1,1,100,5,1,1,2000,5
626,             Black Pepper,1,1,1000,5,1,1,3000,5
627,              Maple Sugar,1,1,1000,5,1,1,1000,5
628,                 Cinnamon,1,1,2000,5,1,1,10000,5
629,              Millioncorn,1,1,100,5,1,1,2000,5
630,             Ogre Pumpkin,1,1,1000,5,1,1,3000,5
631,               Horo Flour,1,1,2000,5,1,1,1000,5
632,              Kukuru Bean,1,1,200,5,1,1,3000,5
633,                Olive Oil,1,1,500,5,1,1,2000,5
635,                      Win,1,1,1000,5,1,1,400,5
636,                Chamomile,1,1,1000,5,1,1,2000,5
637,                Slime Oil,1,1,1000,5,1,1,4000,5
638,                     Sage,1,1,500,5,1,1,4000,5
639,                 Chestnut,1,1,200,5,1,1,2000,5
640,               Copper Ore,1,1,100,5,1,1,300,5
641,                  Tin Ore,1,1,1000,5,1,1,500,5
642,                 Zinc Ore,1,1,500,5,1,1,1000,5
643,                 Iron Ore,1,1,1000,5,1,1,12000,5
644,              Mythril Ore,1,1,1000,5,1,1,15000,5
645,            Darksteel Ore,1,1,3000,5,1,1,60000,5
646,               Adaman Ore,1,1,2000,5,1,1,30000,5
647,           Molybdenum Ore,1,1,20000,5,0,1,1,5
648,             Copper Ingot,1,1,1000,5,1,1,12000,5
649,             Bronze Ingot,1,1,2000,5,1,1,2000,5
650,              Brass Ingot,1,1,3000,5,1,1,13000,5
651,               Iron Ingot,1,1,3000,5,1,1,40000,5
652,              Steel Ingot,1,1,10000,5,1,1,100000,5
653,            Mythril Ingot,1,1,5000,5,1,1,50000,5
654,          Darksteel Ingot,1,1,10000,5,1,1,150000,5
655,             Adaman Ingot,1,1,10000,5,1,1,200000,5
656,                Beastcoin,1,1,100,5,1,1,1000,5
657,              Tama-Hagane,1,1,10000,5,1,1,50000,5
658,           Damascus Ingot,1,1,8000,5,1,1,100000,5
659,                Tin Ingot,1,1,1000,5,1,1,6000,5
660,             Bronze Sheet,1,1,2000,5,1,1,6000,5
661,              Brass Sheet,1,1,5000,5,1,1,50000,5
662,               Iron Sheet,1,1,4000,5,1,1,50000,5
663,            Mythril Sheet,1,1,10000,5,1,1,50000,5
664,          Darksteel Sheet,1,1,10000,5,1,1,200000,5
665,             Adaman Sheet,1,1,30000,5,1,1,500000,5
666,              Steel Sheet,1,1,10000,5,1,1,70000,5
667,                     Blsd,1,1,20000,5,1,1,77500,5
668,                      Ocl,1,1,10000,5,1,1,150000,5
669,                     Mlbd,1,1,20000,5,1,1,120000,5
670,           Aluminum Sheet,1,1,15000,5,1,1,140000,5
671,             Silver Sheet,1,1,2000,5,1,1,10000,5
672,            Bronze Scales,1,1,1000,5,1,1,3000,5
673,             Brass Scales,1,1,1000,5,1,1,5000,5
674,              Iron Scales,1,1,5000,5,1,1,40000,5
675,            Adaman Scales,1,1,1000,5,1,1,34004,5
676,             Steel Scales,1,1,1000,5,1,1,10000,5
678,             Aluminum Ore,1,1,1000,5,1,1,20000,5
679,           Aluminum Ingot,1,1,2000,5,1,1,80000,5
680,               Iron Chain,1,1,3000,5,1,1,70000,5
681,            Mythril Chain,1,1,10000,5,1,1,50000,5
682,          Darksteel Chain,1,1,10000,5,1,1,120000,5
683,             Adaman Chain,1,1,60000,5,1,1,200000,5
684,           Aluminum Chain,1,1,8000,5,0,1,1,5
685,               Khroma Ore,1,1,1000,5,1,1,30000,5
686,                       Im,1,1,10000,5,1,1,90000,5
688,            Arrowwood Log,1,1,300,5,1,1,3000,5
689,                Lauan Log,1,1,300,5,1,1,4000,5
690,                  Elm Log,1,1,1000,5,1,1,5000,5
691,                Maple Log,1,1,500,5,1,1,1000,5
692,                Beech Log,1,1,1000,5,1,1,19900,5
693,               Walnut Log,1,1,1000,5,1,1,2000,5
694,             Chestnut Log,1,1,1000,5,1,1,3000,5
695,               Willow Log,1,1,3000,5,1,1,1000,5
696,                  Yew Log,1,1,1000,5,0,1,1,5
697,                Holly Log,1,1,3000,5,1,1,32500,5
698,                  Ash Log,1,1,100,5,1,1,2000,5
699,                  Oak Log,1,1,1000,5,1,1,12000,5
700,             Mahogany Log,1,1,2000,5,1,1,30000,5
701,             Rosewood Log,1,1,3000,5,1,1,40000,5
702,                Ebony Log,1,1,2000,5,1,1,30000,5
703,            Petrified Log,1,1,5000,5,1,1,50000,5
704,             Bamboo Stick,1,1,1000,5,1,1,3000,5
705,            Arrowwood Lbr,1,1,100,5,1,1,1000,5
706,             Lauan Lumber,1,1,500,5,1,1,2000,5
707,               Elm Lumber,1,1,1000,5,1,1,11000,5
708,             Maple Lumber,1,1,500,5,1,1,2000,5
709,             Beech Lumber,1,1,5000,5,1,1,30000,5
710,          Chestnut Lumber,1,1,2000,5,1,1,4000,5
711,            Walnut Lumber,1,1,2000,5,1,1,5000,5
712,            Willow Lumber,1,1,1000,5,1,1,3000,5
713,               Yew Lumber,1,1,2000,5,1,1,6000,5
714,             Holly Lumber,1,1,2000,5,1,1,6000,5
715,               Ash Lumber,1,1,1000,5,1,1,3000,5
716,               Oak Lumber,1,1,4000,5,1,1,20000,5
717,             Mahogany Lbr,1,1,5000,5,1,1,45000,5
718,             Rosewood Lbr,1,1,5000,5,1,1,50000,5
719,             Ebony Lumber,1,1,4000,5,1,1,50000,5
720,           Ancient Lumber,1,1,20000,5,1,1,100000,5
721,            Rattan Lumber,1,1,1000,5,1,1,5000,5
722,               Divine Log,1,1,2000,5,1,1,38000,5
723,            Divine Lumber,1,1,2000,5,1,1,123000,5
726,                      Stl,1,1,10000,5,1,1,100000,5
727,              Dogwood Log,1,1,1000,5,1,1,10000,5
728,                    Dogwd,1,1,4000,5,1,1,2000,5
729,            Bloodwood Log,1,1,8000,5,1,1,250000,5
730,                    Bldwd,1,1,12000,5,1,1,1185000,5
731,            Aquilaria Log,1,1,1000,5,0,1,1,5
732,                Kapor Log,1,1,2000,5,1,1,50000,5
736,               Silver Ore,1,1,500,5,1,1,1500,5
737,                 Gold Ore,1,1,1000,5,1,1,50000,5
738,             Platinum Ore,1,1,3000,5,1,1,70000,5
739,           Orichalcum Ore,1,1,3000,5,1,1,120000,5
740,             Phrygian Ore,1,1,1000,5,1,1,10500,5
743,                       Ph,1,1,10000,5,1,1,300000,5
744,             Silver Ingot,1,1,2000,5,1,1,30000,5
745,               Gold Ingot,1,1,10000,5,1,1,180000,5
746,           Platinum Ingot,1,1,10000,5,1,1,300000,5
747,                      Ocl,1,1,50000,5,1,1,900000,5
748,           Gold Beastcoin,1,1,3000,5,1,1,20000,5
749,                      Mtl,1,1,3000,5,1,1,20000,5
750,         Silver Beastcoin,1,1,3000,5,1,1,10000,5
751,                      Plt,1,1,1000,5,1,1,50000,5
752,               Gold Sheet,1,1,30000,5,1,1,100000,5
753,                       Ph,1,1,10000,5,0,1,1,5
754,           Platinum Sheet,1,1,20000,5,1,1,50000,5
756,               Durium Ore,1,1,1000,5,1,1,10000,5
757,             Durium Ingot,1,1,5000,5,1,1,220000,5
758,             Durium Sheet,1,1,4000,5,1,1,300000,5
759,             Durium Chain,1,1,30000,5,1,1,500000,5
760,             Silver Chain,1,1,10000,5,1,1,100000,5
761,               Gold Chain,1,1,30000,5,1,1,200000,5
762,           Platinum Chain,1,1,20000,5,1,1,390000,5
763,                      Ocl,1,1,45000,5,0,1,1,5
764,              Brass Chain,1,1,4000,5,1,1,20000,5
767,                Carnelian,1,1,8000,5,1,1,425000,5
768,              Flint Stone,1,1,200,5,1,1,2000,5
769,                 Red Rock,1,1,1000,5,1,1,10000,5
770,                Blue Rock,1,1,2000,5,1,1,30000,5
771,              Yellow Rock,1,1,3000,5,1,1,30000,5
772,               Green Rock,1,1,2000,5,1,1,1500,5
773,         Translucent Rock,1,1,1000,5,1,1,10000,5
774,              Purple Rock,1,1,1000,5,1,1,13500,5
775,               Black Rock,1,1,1000,5,1,1,10000,5
776,               White Rock,1,1,1000,5,1,1,12000,5
777,                Fulmenite,1,1,3000,5,1,1,60000,5
778,                 Heliodor,1,1,10000,5,1,1,600000,5
779,               Aventurine,1,1,1000,5,1,1,1,5
780,                  Clarite,1,1,1000,5,1,1,1,5
781,                  Larimar,1,1,1000,5,1,1,1,5
782,                 Selenite,1,1,1000,5,1,1,100101,5
783,                Tenebrite,1,1,2000,5,0,1,1,5
784,                  Jadeite,1,1,4000,5,1,1,20000,5
785,                  Emerald,1,1,10000,5,1,1,120000,5
786,                     Ruby,1,1,20000,5,1,1,100000,5
787,                  Diamond,1,1,5000,5,1,1,100000,5
788,                  Peridot,1,1,13000,5,1,1,60000,5
789,                    Topaz,1,1,10000,5,1,1,87500,5
790,                   Garnet,1,1,5000,5,1,1,30000,5
791,               Aquamarine,1,1,2000,5,1,1,30000,5
792,                    Pearl,1,1,1000,5,1,1,18000,5
793,              Black Pearl,1,1,1000,5,1,1,32500,5
794,                 Sapphire,1,1,10000,5,1,1,120000,5
795,             Lapis Lazuli,1,1,1000,5,1,1,10000,5
796,               Light Opal,1,1,1000,5,1,1,5000,5
797,                  Painite,1,1,10000,5,1,1,40000,5
798,                Turquoise,1,1,20000,5,1,1,70000,5
799,                     Onyx,1,1,1000,5,1,1,10000,5
800,                 Amethyst,1,1,1000,5,1,1,10000,5
801,              Chrysoberyl,1,1,2000,5,1,1,25000,5
802,                Moonstone,1,1,2000,5,1,1,25000,5
803,                 Sunstone,1,1,2000,5,1,1,20000,5
804,                   Spinel,1,1,10000,5,1,1,120000,5
805,                   Zircon,1,1,2000,5,1,1,24000,5
806,               Tourmaline,1,1,1000,5,1,1,5000,5
807,                 Sardonyx,1,1,1000,5,1,1,10000,5
808,                Goshenite,1,1,8000,5,1,1,50000,5
809,              Clear Topaz,1,1,100,5,1,1,9000,5
810,                 Fluorite,1,1,1000,5,1,1,20000,5
811,                 Ametrine,1,1,750,5,1,1,10000,5
812,               Deathstone,1,1,5000,5,1,1,100000,5
813,               Angelstone,1,1,15000,5,1,1,120000,5
814,                    Amber,1,1,300,5,1,1,10000,5
815,                   Sphene,1,1,1000,5,1,1,10000,5
816,              Silk Thread,1,1,1000,5,1,1,30000,5
817,             Grass Thread,1,1,1000,5,1,1,2000,5
818,            Cotton Thread,1,1,1000,5,1,1,5000,5
819,             Linen Thread,1,1,2000,5,1,1,14000,5
820,              Wool Thread,1,1,3000,5,1,1,40000,5
821,           Rainbow Thread,1,1,10000,5,1,1,65000,5
822,            Silver Thread,1,1,5000,5,1,1,40000,5
823,              Gold Thread,1,1,10000,5,1,1,70000,5
824,              Grass Cloth,1,1,2000,5,1,1,10000,5
825,             Cotton Cloth,1,1,1000,5,1,1,4000,5
826,              Linen Cloth,1,1,4000,5,1,1,35000,5
827,               Wool Cloth,1,1,8000,5,1,1,50000,5
828,             Velvet Cloth,1,1,5000,5,1,1,60000,5
829,               Silk Cloth,1,1,10000,5,1,1,76000,5
830,            Rainbow Cloth,1,1,15000,5,1,1,120000,5
831,            Shining Cloth,1,1,5000,5,1,1,100000,5
832,               Sheep Wool,1,1,2000,5,1,1,10000,5
833,               Moko Grass,1,1,100,5,1,1,1000,5
834,            Saruta Cotton,1,1,500,5,1,1,1250,5
835,              Flax Flower,1,1,500,5,1,1,2000,5
836,          Damascene Cloth,1,1,15000,5,1,1,200000,5
837,            Malboro Fiber,1,1,39000,5,1,1,700000,5
838,               Spider Web,1,1,1000,5,1,1,40000,5
839,           Crawler Cocoon,1,1,100,5,1,1,3000,5
840,             Chocobo Fthr,1,1,42505000,5,1,1,1000,5
841,           Yagudo Feather,1,1,100,5,1,1,1000,5
842,          Giant Bird Fthr,1,1,1000,5,1,1,6000,5
843,                        G,1,1,1000,5,1,1,25000,5
844,          Phoenix Feather,1,1,10000,5,1,1,200000,5
845,                  Black C,1,1,1000,5,1,1,10000,5
846,              Insect Wing,1,1,100,5,1,1,3000,5
847,             Bird Feather,1,1,100,5,1,1,2000,5
848,          Dhalmel Leather,1,1,10000,5,1,1,78000,5
849,              Undead Skin,1,1,1000,5,1,1,20000,5
850,            Sheep Leather,1,1,3000,5,1,1,40000,5
851,              Ram Leather,1,1,4000,5,1,1,40000,5
852,              Lizard Skin,1,1,1000,5,1,1,2000,5
853,              Raptor Skin,1,1,1000,5,1,1,20000,5
854,          Cockatrice Skin,1,1,1000,5,1,1,10000,5
855,            Tiger Leather,1,1,9600,5,1,1,90000,5
856,              Rabbit Hide,1,1,1000,5,1,1,1000,5
857,             Dhalmel Hide,1,1,2000,5,1,1,30000,5
858,                Wolf Hide,1,1,500,5,1,1,18000,5
859,                 Ram Skin,1,1,650,5,1,1,6000,5
860,            Behemoth Hide,1,1,2000,5,1,1,130000,5
861,               Tiger Hide,1,1,1000,5,1,1,30000,5
862,                    Behem,1,1,7000,5,1,1,80000,5
863,              Coeurl Hide,1,1,1000,5,1,1,30000,5
864,              Fish Scales,1,1,1000,5,1,1,1500,5
865,           Nidhogg Scales,1,1,4000,5,1,1,60000,5
866,            Wyvern Scales,1,1,100000,5,1,1,1300000,5
867,            Dragon Scales,1,1,3000,5,1,1,100000,5
868,             Pugil Scales,1,1,1000,5,1,1,500,5
869,              Lizard Molt,1,1,30000,5,1,1,1000000,5
870,                     Smth,1,1,30000,5,1,1,310000,5
871,                    Calig,1,1,1000,5,1,1,170000,5
872,                      Tgh,1,1,50000,5,1,1,295000,5
873,            Light Ram Lth,1,1,2015,5,1,1,300000,5
874,           Amaltheia Hide,1,1,30000,5,0,1,1,5
875,            Amaltheia Lth,1,1,60000,5,0,1,1,5
876,               Manta Skin,1,1,2000,5,1,1,20000,5
877,            Manta Leather,1,1,30000,5,1,1,70000,5
878,             Karakul Skin,1,1,1000,5,1,1,20000,5
879,          Karakul Leather,1,1,30000,5,1,1,300000,5
880,                Bone Chip,1,1,500,5,1,1,2000,5
881,               Crab Shell,1,1,500,5,1,1,2000,5
882,              Sheep Tooth,1,1,300,5,1,1,1000,5
883,            Behemoth Horn,1,1,3000,5,1,1,50000,5
884,                      Blk,1,1,500,5,1,1,3000,5
885,             Turtle Shell,1,1,1000,5,1,1,20000,5
886,              Demon Skull,1,1,1000,5,1,1,50000,5
887,           Coral Fragment,1,1,2000,5,1,1,30000,5
888,                 Seashell,1,1,100,5,1,1,3000,5
889,             Beetle Shell,1,1,500,5,1,1,1000,5
891,                 Bat Fang,1,1,100,5,1,1,300,5
893,              Giant Femur,1,1,1000,5,1,1,10000,5
894,               Beetle Jaw,1,1,1000,5,1,1,5000,5
895,                 Ram Horn,1,1,500,5,1,1,18000,5
896,           Scorpion Shell,1,1,1000,5,1,1,30000,5
897,            Scorpion Claw,1,1,1000,5,1,1,3000,5
898,             Chicken Bone,1,1,2000,5,1,1,37500,5
900,               Fish Bones,1,1,1000,5,1,1,10000,5
901,            Venomous Claw,1,1,3000,5,1,1,100000,5
902,               Demon Horn,1,1,3000,5,1,1,60000,5
903,             Dragon Talon,1,1,5000,5,1,1,250000,5
907,                Cold Bone,1,1,5000,5,0,1,1,5
908,        Adamantoise Shell,1,1,10000,5,1,1,135000,5
909,           Guivre's Skull,1,1,10000,5,0,1,1,5
912,             Beehive Chip,1,1,100,5,1,1,1000,5
913,                  Beeswax,1,1,2000,5,1,1,10000,5
914,                  Mercury,1,1,1000,5,1,1,40000,5
915,                 Toad Oil,1,1,1000,5,1,1,50000,5
916,           Cactuar Needle,1,1,100,5,1,1,5000,5
917,                Parchment,1,1,5000,5,1,1,30000,5
918,                Mistletoe,1,1,1000,5,1,1,10000,5
919,             Boyahda Moss,1,1,1000,5,1,1,10000,5
920,             Malboro Vine,1,1,500,5,1,1,10000,5
921,            Ahriman Tears,1,1,1000,5,1,1,2000,5
922,                 Bat Wing,1,1,100,5,1,1,500,5
923,               Dryad Root,1,1,500,5,1,1,2000,5
924,              Fiend Blood,1,1,1000,5,1,1,2000,5
925,            Giant Stinger,1,1,100,5,1,1,4000,5
926,              Lizard Tail,1,1,800,5,1,1,300,5
927,           Coeurl Whisker,1,1,3000,5,1,1,40000,5
928,                 Bomb Ash,1,1,1000,5,1,1,2000,5
929,                Black Ink,1,1,4000,5,1,1,2000,5
930,           Beastman Blood,1,1,10000,5,1,1,50000,5
931,             Cermet Chunk,1,1,10000,5,1,1,100000,5
932,             Carbon Fiber,1,1,5000,5,1,1,19950,5
933,              Glass Fiber,1,1,1000,5,1,1,5000,5
935,             Ahriman Wing,1,1,10000,5,1,1,100000,5
936,                Rock Salt,1,1,1000,5,1,1,2000,5
937,              Animal Glue,1,1,1000,5,1,1,4000,5
938,             Papaka Grass,1,1,1000,5,1,1,1000,5
939,             Hecteyes Eye,1,1,3000,5,1,1,10000,5
940,             Revival Root,1,1,5000,5,1,1,20000,5
941,                 Red Rose,1,1,100,5,1,1,1000,5
942,                     Phil,1,1,11000,5,1,1,400000,5
943,              Poison Dust,1,1,1000,5,1,1,7000,5
944,               Venom Dust,1,1,3000,5,1,1,10000,5
945,           Paralysis Dust,1,1,100,5,1,1,10000,5
947,                 Firesand,1,1,1100,5,1,1,6000,5
948,                Carnation,1,1,1000,5,1,1,2000,5
949,                Rain Lily,1,1,1000,5,1,1,1000,5
951,                 Wijnruit,1,1,500,5,1,1,2000,5
952,             Poison Flour,1,1,200,5,1,1,5000,5
953,              Treant Bulb,1,1,1000,5,1,1,2000,5
954,          Magic Pot Shard,1,1,1000,5,1,1,12000,5
955,              Golem Shard,1,1,1000,5,1,1,20000,5
956,                    Lilac,1,1,1000,5,1,1,1000,5
957,                Amaryllis,1,1,2000,5,1,1,2250,5
958,               Marguerite,1,1,1000,5,1,1,3000,5
959,                   Dahlia,1,1,200,5,0,1,1,5
960,              Ace Of Cups,1,1,10000,5,0,1,1,5
961,              Two Of Cups,1,1,100,5,0,1,1,5
962,            Three Of Cups,1,1,500,5,0,1,1,5
963,             Four Of Cups,1,1,1000,5,0,1,1,5
964,             Five Of Cups,1,1,300,5,0,1,1,5
965,              Six Of Cups,1,1,1000,5,0,1,1,5
966,            Seven Of Cups,1,1,1000,5,0,1,1,5
967,            Eight Of Cups,1,1,1000,5,0,1,1,5
968,             Nine Of Cups,1,1,1000,5,0,1,1,5
969,              Ten Of Cups,1,1,5000,5,0,1,1,5
970,             Jack Of Cups,1,1,5000,5,0,1,1,5
971,            Queen Of Cups,1,1,10000,5,0,1,1,5
972,             King Of Cups,1,1,10000,5,0,1,1,5
973,            Ace Of Batons,1,1,10000,5,0,1,1,5
974,            Two Of Batons,1,1,600,5,0,1,1,5
975,          Three Of Batons,1,1,1000,5,0,1,1,5
976,           Four Of Batons,1,1,1000,5,0,1,1,5
977,           Five Of Batons,1,1,1000,5,0,1,1,5
978,            Six Of Batons,1,1,1000,5,0,1,1,5
979,          Seven Of Batons,1,1,1000,5,0,1,1,5
980,          Eight Of Batons,1,1,650,5,0,1,1,5
981,           Nine Of Batons,1,1,1000,5,0,1,1,5
982,            Ten Of Batons,1,1,1000,5,0,1,1,5
983,           Jack Of Batons,1,1,10000,5,0,1,1,5
984,          Queen Of Batons,1,1,2000,5,0,1,1,5
985,           King Of Batons,1,1,1000,5,0,1,1,5
986,            Ace Of Swords,1,1,10000,5,0,1,1,5
987,            Two Of Swords,1,1,500,5,0,1,1,5
988,          Three Of Swords,1,1,200,5,0,1,1,5
989,           Four Of Swords,1,1,1000,5,0,1,1,5
990,           Five Of Swords,1,1,100,5,0,1,1,5
991,            Six Of Swords,1,1,1000,5,0,1,1,5
992,          Seven Of Swords,1,1,1000,5,0,1,1,5
993,          Eight Of Swords,1,1,1000,5,0,1,1,5
994,           Nine Of Swords,1,1,1000,5,0,1,1,5
995,            Ten Of Swords,1,1,1000,5,0,1,1,5
996,           Jack Of Swords,1,1,10000,5,0,1,1,5
997,          Queen Of Swords,1,1,10000,5,0,1,1,5
998,           King Of Swords,1,1,500,5,0,1,1,5
999,             Ace Of Coins,1,1,10000,5,0,1,1,5
1000,             Two Of Coins,1,1,100,5,0,1,1,5
1001,           Three Of Coins,1,1,1000,5,0,1,1,5
1002,            Four Of Coins,1,1,722,5,0,1,1,5
1003,            Five Of Coins,1,1,1000,5,0,1,1,5
1004,             Six Of Coins,1,1,1000,5,0,1,1,5
1005,           Seven Of Coins,1,1,550,5,0,1,1,5
1006,           Eight Of Coins,1,1,1000,5,0,1,1,5
1007,            Nine Of Coins,1,1,1000,5,0,1,1,5
1008,             Ten Of Coins,1,1,10000,5,0,1,1,5
1009,            Jack Of Coins,1,1,10000,5,0,1,1,5
1010,           Queen Of Coins,1,1,1000,5,0,1,1,5
1011,            King Of Coins,1,1,5000,5,0,1,1,5
1015,            Sand Bat Fang,1,1,1000,5,1,1,10000,5
1016,               Remi Shell,1,1,100,5,1,1,3000,5
1020,                   Sickle,1,1,1000,5,1,1,4000,5
1021,                  Hatchet,1,1,1000,5,1,1,3000,5
1022,            Thief's Tools,1,1,5000,5,1,1,40000,5
1023,               Living Key,1,1,5000,5,1,1,60000,5
1102,          Blazing Peppers,1,1,1000,5,0,1,1,5
1108,                   Sulfur,1,1,1000,5,1,1,20000,5
1109,          Artificial Lens,1,1,7000,5,1,1,20000,5
1110,             Beetle Blood,1,1,28000,5,1,1,300000,5
1111,                  Gelatin,1,1,1000,5,1,1,5000,5
1115,             Skeleton Key,1,1,5000,5,1,1,60000,5
1116,           Manticore Hide,1,1,2000,5,1,1,20000,5
1117,            Manticore Lth,1,1,10000,5,1,1,120000,5
1118,         Antican Pauldron,1,1,1000,5,1,1,12000,5
1119,            Tonberry Coat,1,1,200,5,1,1,4000,5
1120,               Casablanca,1,1,1000,5,1,1,10000,5
1121,             Antican Robe,1,1,1000,5,1,1,10000,5
1122,              Wyvern Skin,1,1,1000,5,1,1,40000,5
1123,           Manticore Fang,1,1,1000,5,1,1,20000,5
1124,              Wyvern Wing,1,1,1000,5,1,1,40000,5
1132,                     Raxa,1,1,10000,5,1,1,140000,5
1133,             Dragon Blood,1,1,10000,5,1,1,200000,5
1134,           Bast Parchment,1,1,3000,5,1,1,5000,5
1135,               Norg Shell,1,1,50000,5,0,1,1,5
1155,                Iron Sand,1,1,100,5,1,1,2000,5
1156,         Crawler Calculus,1,1,100,5,1,1,2400,5
1157,         Sands Of Silence,1,1,1000,5,0,1,1,5
1158,           Wandering Bulb,1,1,4000,5,0,1,1,5
1161,                 Uchitake,1,1,1000,5,1,1,10000,5
1162,         Tonberry Lantern,1,1,100,5,1,1,5000,5
1163,           Manticore Hair,1,1,2000,5,1,1,15000,5
1164,                  Tsurara,1,1,100,5,1,1,5000,5
1165,               Doll Shard,1,1,700,5,1,1,15000,5
1167,             Kawahori-Ogi,1,1,31000,5,1,1,10000,5
1170,                Makibishi,1,1,25250,5,1,1,10000,5
1173,                Hiraishin,1,1,500,5,1,1,10000,5
1176,               Mizu-Deppo,1,1,200,5,1,1,10000,5
1179,                   Shihei,1,1,150,5,1,1,5000,5
1182,                  Jusatsu,1,1,7500,5,1,1,10000,5
1185,                 Kaginawa,1,1,100,5,1,1,10000,5
1188,               Sairui-Ran,1,1,50,5,1,1,10000,5
1191,                   Kodoku,1,1,250,5,1,1,15000,5
1193,                        H,1,1,2000,5,1,1,30000,5
1194,             Shinobi-Tabi,1,1,100,5,1,1,10000,5
1196,              Qiqirn Cape,1,1,1000,5,0,1,1,5
1199,             Northern Fur,1,1,1000,5,0,1,1,5
1200,          Eastern Pottery,1,1,2000,5,0,1,1,5
1201,           Southern Mummy,1,1,1000,5,0,1,1,5
1209,             Desert Venom,1,1,1000,5,0,1,1,5
1210,              Damp Scroll,1,1,20000,5,0,1,1,5
1211,                      Brz,1,1,550,5,1,1,2000,5
1212,                      Mtl,1,1,100,5,1,1,20000,5
1213,                      Dst,1,1,500,5,1,1,30000,5
1214,            Stone Arrowhd,1,1,300,5,1,1,2000,5
1215,             Bone Arrowhd,1,1,100,5,1,1,2000,5
1216,          Iron Arrowheads,1,1,600,5,1,1,15000,5
1217,                      Slv,1,1,500,5,1,1,15000,5
1218,          Fire Arrowheads,1,1,900,5,1,1,20000,5
1219,           Ice Arrowheads,1,1,1000,5,1,1,20000,5
1220,                     Ltng,1,1,1000,5,1,1,40000,5
1221,           Chocobo Fltchg,1,1,200,5,1,1,5000,5
1222,            Yagudo Fltchg,1,1,200,5,1,1,5000,5
1223,          Bird Fletchings,1,1,100,5,1,1,4000,5
1224,            Insect Fltchg,1,1,500,5,1,1,5000,5
1225,              Gold Nugget,1,1,500,5,1,1,20000,5
1226,           Mythril Nugget,1,1,1000,5,1,1,10000,5
1227,          Platinum Nugget,1,1,1000,5,1,1,20000,5
1228,                      Dst,1,1,950,5,1,1,2955,5
1229,            Adaman Nugget,1,1,3000,5,1,1,80000,5
1230,            Copper Nugget,1,1,1000,5,1,1,3000,5
1231,             Brass Nugget,1,1,1000,5,1,1,5500,5
1232,            Bronze Nugget,1,1,1000,5,1,1,1000,5
1233,            Silver Nugget,1,1,1000,5,1,1,10000,5
1234,              Iron Nugget,1,1,1000,5,1,1,4000,5
1235,             Steel Nugget,1,1,1000,5,1,1,5000,5
1236,             Cactus Stems,1,1,1000,5,1,1,4000,5
1237,            Tree Cuttings,1,1,100,5,1,1,3000,5
1238,            Tree Saplings,1,1,1000,5,1,1,40000,5
1239,              Goblin Doll,1,1,1000,5,0,1,1,5
1240,                     Koma,1,1,500,5,0,1,1,5
1241,           Twinkle Powder,1,1,1000,5,1,1,5000,5
1242,                      Bln,1,1,1000,5,1,1,20000,5
1243,          Acid Bolt Heads,1,1,1000,5,1,1,50000,5
1244,          Holy Bolt Heads,1,1,900,5,1,1,20000,5
1245,                      Vnm,1,1,500,5,1,1,8000,5
1246,                      Bld,1,1,1100,5,1,1,40000,5
1247,                      Slp,1,1,2000,5,1,1,20000,5
1248,           Beetle Arrowhd,1,1,100,5,1,1,10000,5
1249,          Horn Arrowheads,1,1,200,5,1,1,5000,5
1250,                      Scp,1,1,200,5,1,1,3000,5
1251,            Demon Arrowhd,1,1,1000,5,1,1,70000,5
1252,           Poison Arrowhd,1,1,10000,5,1,1,5000,5
1253,            Sleep Arrowhd,1,1,2,5,1,1,20000,5
1254,                      Blk,1,1,500,5,1,1,8000,5
1255,                 Fire Ore,1,1,15000,5,1,1,200000,5
1256,                  Ice Ore,1,1,10000,5,1,1,100000,5
1257,                 Wind Ore,1,1,10000,5,1,1,110000,5
1258,                Earth Ore,1,1,10000,5,1,1,100000,5
1259,            Lightning Ore,1,1,10000,5,1,1,100000,5
1260,                Water Ore,1,1,10000,5,1,1,100000,5
1261,                Light Ore,1,1,10000,5,1,1,100000,5
1262,                 Dark Ore,1,1,10000,5,1,1,100000,5
1263,            Leshonki Bulb,1,1,10000,5,1,1,200000,5
1264,                      Grt,1,1,1000,5,1,1,20000,5
1265,4Lf,1,1,10000,5,1,1,10000000,5
1268,               Doll Gizmo,1,1,200000,5,1,1,23555,5
1269,              Mana Barrel,1,1,30000,5,0,1,1,5
1270,              Arachne Web,1,1,10000,5,1,1,97500,5
1271,           Pigeon's Blood,1,1,10000,5,1,1,30000,5
1272,              Arioch Fang,1,1,50000,5,0,1,1,5
1273,              Namtar Bone,1,1,1000,5,0,1,1,5
1274,           Southern Pearl,1,1,30000,5,0,1,1,5
1275,              Amemet Skin,1,1,4000,5,1,1,50000,5
1276,            Tarasque Skin,1,1,10000,5,0,1,1,5
1277,            Lindwurm Skin,1,1,20000,5,0,1,1,5
1278,               Twinthread,1,1,77500,5,1,1,2000000,5
1279,            Taffeta Cloth,1,1,100000,5,1,1,1200000,5
1280,           Sarcenet Cloth,1,1,40000,5,0,1,1,5
1281,            Cheviot Cloth,1,1,80000,5,1,1,600000,5
1282,          Flauros Whisker,1,1,20000,5,0,1,1,5
1283,              Ose Whisker,1,1,1000,5,0,1,1,5
1284,             Inferno Core,1,1,10000,5,0,1,1,5
1285,            Luminous Core,1,1,10000,5,0,1,1,5
1286,              Spirit Core,1,1,10000,5,0,1,1,5
1287,              Frigid Core,1,1,10000,5,0,1,1,5
1293,           Narasimha Hide,1,1,1000,5,0,1,1,5
1294,           Arachne Thread,1,1,25000,5,1,1,300000,5
1295,                 Twincoon,1,1,30000,5,0,1,1,5
1296,               Yowie Skin,1,1,4000,5,0,1,1,5
1297,            Narasimha Lth,1,1,6000,5,1,1,11922960,5
1299,                Fire Bead,1,1,10000,5,1,1,100000,5
1300,                 Ice Bead,1,1,20000,5,1,1,100000,5
1301,                Wind Bead,1,1,20000,5,1,1,120000,5
1302,               Earth Bead,1,1,20000,5,1,1,120000,5
1303,           Lightning Bead,1,1,10000,5,1,1,100000,5
1304,               Water Bead,1,1,10000,5,1,1,100000,5
1305,               Light Bead,1,1,15000,5,1,1,100000,5
1306,                Dark Bead,1,1,10000,5,1,1,120000,5
1307,              Silver Leaf,1,1,3000,5,1,1,35000,5
1308,             Mythril Leaf,1,1,4000,5,1,1,20000,5
1309,                Gold Leaf,1,1,1000,5,1,1,10000,5
1310,            Platinum Leaf,1,1,10000,5,1,1,38000,5
1311,                  Oxblood,1,1,28000,5,1,1,300000,5
1312,               Angel Skin,1,1,283000,5,1,1,3000000,5
1313,             Siren's Hair,1,1,140000,5,1,1,1500000,5
1344,            Cursed Kabuto,1,1,20000,5,0,1,1,5
1345,Cursed Kabuto -1,1,1,2000000,5,0,1,1,5
1346,              Cursed Togi,1,1,50000,5,0,1,1,5
1347,Cursed Togi -1,1,1,2000000,5,0,1,1,5
1348,              Cursed Kote,1,1,10000,5,0,1,1,5
1349,Cursed Kote -1,1,1,7672839,5,0,1,1,5
1350,           Cursed Haidate,1,1,20000,5,0,1,1,5
1351,Cursed Haidate -1,1,1,1000000,5,0,1,1,5
1352,          Cursed Sune-Ate,1,1,20000,5,0,1,1,5
1353,                        C,1,1,2500000,5,0,1,1,5
1354,            Cursed Celata,1,1,30000,5,0,1,1,5
1355,Cursed Celata -1,1,1,2000000,5,0,1,1,5
1356,           Cursed Hauberk,1,1,80000,5,0,1,1,5
1357,Cursed Hauberk -1,1,1,16000000,5,0,1,1,5
1358,          Cursed Mufflers,1,1,20000,5,0,1,1,5
1359,                        C,1,1,2500000,5,0,1,1,5
1360,          Cursed Breeches,1,1,50000,5,0,1,1,5
1361,                        C,1,1,3000000,5,0,1,1,5
1362,         Cursed Sollerets,1,1,20000,5,0,1,1,5
1363,                        C,1,1,4000000,5,0,1,1,5
1364,             Cursed Crown,1,1,20000,5,0,1,1,5
1365,Cursed Crown -1,1,1,500000,5,0,1,1,5
1366,         Cursed Dalmatica,1,1,50000,5,0,1,1,5
1367,                        C,1,1,6388888,5,0,1,1,5
1368,             Cursed Mitts,1,1,20000,5,0,1,1,5
1369,Cursed Mitts -1,1,1,1000000,5,0,1,1,5
1370,            Cursed Slacks,1,1,20000,5,0,1,1,5
1371,Cursed Slacks -1,1,1,3000000,5,0,1,1,5
1372,             Cursed Pumps,1,1,20000,5,0,1,1,5
1373,Cursed Pumps -1,1,1,3000000,5,0,1,1,5
1374,          Cursed Schaller,1,1,10000,5,0,1,1,5
1375,Cursed Schaller -1,1,1,3000000,5,0,1,1,5
1376,           Cursed Cuirass,1,1,150000,5,0,1,1,5
1377,Cursed Cuirass -1,1,1,5000000,5,0,1,1,5
1378,                        C,1,1,20000,5,0,1,1,5
1379,                        C,1,1,2000000,5,0,1,1,5
1380,        Cursed Diechlings,1,1,30000,5,0,1,1,5
1381,                        C,1,1,2500000,5,0,1,1,5
1382,            Cursed Schuhs,1,1,20000,5,0,1,1,5
1383,Cursed Schuhs -1,1,1,3000000,5,0,1,1,5
1384,              Cursed Mask,1,1,20000,5,0,1,1,5
1385,Cursed Mask -1,1,1,600000,5,0,1,1,5
1386,              Cursed Mail,1,1,50000,5,0,1,1,5
1387,Cursed Mail -1,1,1,4000000,5,0,1,1,5
1388,               Cursed Fng,1,1,15000,5,0,1,1,5
1389,                 Cursed F,1,1,900000,5,0,1,1,5
1390,           Cursed Cuisses,1,1,80000,5,0,1,1,5
1391,Cursed Cuisses -1,1,1,1500000,5,0,1,1,5
1392,           Cursed Greaves,1,1,20000,5,0,1,1,5
1393,Cursed Greaves -1,1,1,1000000,5,0,1,1,5
1394,               Cursed Cap,1,1,10000,5,0,1,1,5
1395,Cursed Cap -1,1,1,1135000,5,0,1,1,5
1396,           Cursed Harness,1,1,10000,5,0,1,1,5
1397,Cursed Harness -1,1,1,2400000,5,0,1,1,5
1398,            Cursed Gloves,1,1,20000,5,0,1,1,5
1399,Cursed Gloves -1,1,1,600000,5,0,1,1,5
1400,          Cursed Subligar,1,1,15000,5,0,1,1,5
1401,Cursed Subligar -1,1,1,750000,5,0,1,1,5
1402,          Cursed Leggings,1,1,19500,5,0,1,1,5
1403,                        C,1,1,600000,5,0,1,1,5
1409,          Siren's Macrame,1,1,127500,5,1,1,4750000,5
1410,            Sweet William,1,1,4500,5,0,1,1,5
1411,             Phalaenopsis,1,1,3000,5,0,1,1,5
1412,             Olive Flower,1,1,100,5,0,1,1,5
1413,                 Cattleya,1,1,1000,5,0,1,1,5
1414,          Wisteria Lumber,1,1,3000,5,1,1,20000,5
1415,                   Urushi,1,1,10000,5,1,1,81500,5
1416,                     Kari,1,1,2000,5,1,1,25000,5
1417,                        G,1,1,3000,5,1,1,40000,5
1443,            Dried Mugwort,1,1,2000,5,1,1,80000,5
1444,               Divine Sap,1,1,3000,5,1,1,30000,5
1445,             Freya's Tear,1,1,50000,5,0,1,1,5
1446,         Lacquer Tree Log,1,1,3000,5,1,1,30000,5
1447,                      Lqr,1,1,2000,5,1,1,27500,5
1448,                      Lqr,1,1,1000,5,1,1,50000,5
1458,             Mammoth Tusk,1,1,59500,5,1,1,150000,5
1459,          Griffon Leather,1,1,20000,5,1,1,80000,5
1460,               Koh-I-Noor,1,1,180000,5,0,1,1,5
1461,              Wootz Ingot,1,1,30000,5,1,1,100000,5
1462,            Lancewood Lbr,1,1,10000,5,1,1,90000,5
1463,            Chronos Tooth,1,1,10000,5,0,1,1,5
1464,            Lancewood Log,1,1,5000,5,1,1,30000,5
1465,                  Granite,1,1,1000,5,0,1,1,5
1466,               Relic Iron,1,1,10000,5,1,1,205000,5
1467,              Relic Steel,1,1,30000,5,1,1,100000,5
1468,           Marksman's Oil,1,1,20000,5,1,1,27500,5
1469,                Wootz Ore,1,1,4000,5,1,1,100000,5
1470,          Sparkling Stone,1,1,5000,5,1,1,40000,5
1471,              Sticky Rice,1,1,1000,5,1,1,3000,5
1472,            Gardenia Seed,1,1,1000,5,0,1,1,5
1473,                        H,1,1,6000,5,1,1,50000,5
1474,            Infinity Core,1,1,1000,5,1,1,100000,5
1475,             Curry Powder,1,1,1000,5,0,1,1,5
1514,           Chocobo Ticket,1,1,1000,5,1,1,2000,5
1515,             Fang Arrowhd,1,1,300,5,1,1,5000,5
1516,             Griffon Hide,1,1,16550,5,1,1,50000,5
1517,        Giant Frozen Head,1,1,10000,5,1,1,199999,5
1518,           Colossal Skull,1,1,1000,5,1,1,30000,5
1519,          Fresh Orc Liver,1,1,4000,5,1,1,20000,5
1520,            Goblin Grease,1,1,1000,5,1,1,35000,5
1521,              Slime Juice,1,1,1000,5,1,1,20000,5
1522,           Fresh Marjoram,1,1,1000,5,1,1,4000,5
1523,               Apple Mint,1,1,1000,5,1,1,10500,5
1524,            Fresh Mugwort,1,1,500,5,1,1,20000,5
1554,                 Turmeric,1,1,1,5,1,1,5000,5
1555,                Coriander,1,1,1,5,1,1,20000,5
1586,         Titanictus Shell,1,1,3000,5,1,1,55000,5
1587,                        H,1,1,3000,5,1,1,55000,5
1588,                     Tufa,1,1,10000,5,0,1,1,5
1590,               Holy Basil,1,1,1000,5,1,1,5000,5
1591,                        H,1,1,3000,5,1,1,39000,5
1592,             Cactuar Root,1,1,5000,5,1,1,141500,5
1606,           Burning Memory,1,1,1000,5,1,1,10000,5
1607,            Bitter Memory,1,1,1000,5,1,1,10000,5
1608,          Fleeting Memory,1,1,1000,5,1,1,50000,5
1609,           Profane Memory,1,1,1000,5,1,1,6500,5
1610,                  Strtlng,1,1,5000,5,1,1,98999,5
1611,            Somber Memory,1,1,10000,5,1,1,300000,5
1612,           Radiant Memory,1,1,1000,5,1,1,20000,5
1613,           Malevolent Mem,1,1,100,5,1,1,2000,5
1614,           Corse Bracelet,1,1,1000,5,1,1,1,5
1615,             Buffalo Horn,1,1,20000,5,0,1,1,5
1616,              Antlion Jaw,1,1,2000,5,1,1,20000,5
1617,             Flytrap Leaf,1,1,1000,5,1,1,10000,5
1618,           Uragnite Shell,1,1,3000,5,1,1,10000,5
1619,          Hippogryph Fthr,1,1,5000,5,1,1,60000,5
1620,              Taurus Horn,1,1,1000,5,1,1,10000,5
1621,              Taurus Wing,1,1,1000,5,0,1,1,5
1622,              Bugard Tusk,1,1,1000,5,1,1,12000,5
1623,                 Eft Skin,1,1,2000,5,1,1,20000,5
1624,             Bugbear Mask,1,1,1000,5,1,1,5000,5
1625,              Moblin Helm,1,1,1000,5,0,1,1,5
1626,             Avatar Blood,1,1,2000,5,1,1,30000,5
1627,                      Arm,1,1,1000,5,1,1,100000,5
1628,             Buffalo Hide,1,1,6000,5,1,1,30000,5
1629,          Buffalo Leather,1,1,10000,5,1,1,200000,5
1630,              Cluster Ash,1,1,1000,5,1,1,5000,5
1631,             Moblin Armor,1,1,100,5,1,1,1000,5
1632,              Moblin Mail,1,1,1000,5,0,1,1,5
1633,              Clot Plasma,1,1,2000,5,1,1,50000,5
1634,                Rhodonite,1,1,30000,5,1,1,20000,5
1635,            Paktong Ingot,1,1,20000,5,1,1,10000,5
1636,              Moblinweave,1,1,50000,5,1,1,50000,5
1637,           Bugard Leather,1,1,10000,5,1,1,30000,5
1638,              Moblin Mask,1,1,100,5,1,1,2000,5
1639,               Corse Robe,1,1,1000,5,0,1,1,5
1640,              Bugard Skin,1,1,500,5,1,1,4000,5
1641,               Fire Anima,1,1,1000,5,1,1,10000,5
1642,                Ice Anima,1,1,1000,5,1,1,50000,5
1643,               Wind Anima,1,1,10000,5,1,1,1500000,5
1644,              Earth Anima,1,1,1000,5,1,1,10000,5
1645,          Lightning Anima,1,1,3000,5,1,1,100000,5
1646,              Water Anima,1,1,3000,5,1,1,200000,5
1647,              Light Anima,1,1,2000,5,1,1,60000,5
1648,               Dark Anima,1,1,3000,5,1,1,20000,5
1649,            Scarlet Stone,1,1,5000,5,1,1,80000,5
1650,         Kopparnickel Ore,1,1,200,5,1,1,2000,5
1651,            Moblin Thread,1,1,10000,5,1,1,100000,5
1652,             Rice Vinegar,1,1,1,5,1,1,4000,5
1654,             Igneous Rock,1,1,100,5,1,1,2000,5
1655,            Leather Pouch,1,1,1000,5,0,1,1,5
1656,               Brass Tank,1,1,3000,5,1,1,30000,5
1657,           Bundling Twine,1,1,1000,5,1,1,2000,5
1663,              Arnica Root,1,1,1000,5,0,1,1,5
1664,              Eastern Gem,1,1,1000,5,1,1,5000,5
1667,             Cluster Core,1,1,1000,5,1,1,1000,5
1670,                     Sprt,1,1,999,5,0,1,1,5
1671,                    Bwtch,1,1,1000,5,1,1,100000,5
1672,                     Exor,1,1,5000,5,0,1,1,5
1673,                    Ether,1,1,6000,5,1,1,120000,5
1674,           Indurated Gold,1,1,5000,5,1,1,80000,5
1675,         Neutralizing Slv,1,1,20000,5,1,1,200000,5
1676,                     Frgd,1,1,12456,5,0,1,1,5
1677,              Aqueous Ocl,1,1,3000,5,0,1,1,5
1678,           Rogue's Silver,1,1,16000,5,1,1,92000,5
1679,           Bewitched Gold,1,1,10000,5,0,1,1,5
1680,                        H,1,1,10000,5,0,1,1,5
1681,              Light Steel,1,1,5000,5,0,1,1,5
1687,                   Recoll,1,1,1000,5,0,1,1,5
1688,                   Recoll,1,1,1000,5,1,1,10500,5
1689,                   Recoll,1,1,1000,5,0,1,1,5
1690,            Hippogryph Tf,1,1,1000,5,1,1,3000,5
1695,                Habaneros,1,1,1000,5,1,1,10000,5
1699,            Scarlet Linen,1,1,30000,5,1,1,200000,5
1700,              Bloodthread,1,1,1000,5,1,1,8000,5
1701,         Fine Linen Cloth,1,1,25000,5,1,1,100000,5
1702,            Smooth Velvet,1,1,25000,5,1,1,275000,5
1703,                Kunwu Ore,1,1,3500,5,0,1,1,5
1704,               Kunwu Iron,1,1,55500,5,1,1,1000000,5
1705,              Kunwu Sheet,1,1,100000,5,1,1,50000000,5
1711,                 Molybden,1,1,50000,5,1,1,220000,5
1712,            Cashmere Wool,1,1,20000,5,1,1,250000,5
1713,            Cashmere Thrd,1,1,70000,5,1,1,840000,5
1714,           Cashmere Cloth,1,1,300000,5,1,1,11000000,5
1715,           Vivified Coral,1,1,10000,5,1,1,100000,5
1716,                     Smth,1,1,60000,5,0,1,1,5
1717,               Photoanima,1,1,900,5,1,1,100000,5
1718,            M-bugard Tusk,1,1,10000,5,0,1,1,5
1719,          Harajnite Shell,1,1,10000,5,0,1,1,5
1724,          Soulflayer Robe,1,1,2000,5,1,1,30000,5
1725,                Snow Lily,1,1,10000,5,1,1,10000,5
1738,            Shakudo Ingot,1,1,9000,5,1,1,50000,5
1739,            Balloon Cloth,1,1,10000,5,1,1,65000,5
1740,                   Iolite,1,1,20000,5,1,1,300000,5
1741,                        H,1,1,5000,5,1,1,50000,5
1762,            Cassia Lumber,1,1,100000,5,1,1,24000,5
1763,          Viridian Urushi,1,1,6000,5,1,1,70000,5
1764,             Kejusu Satin,1,1,1000,5,1,1,30000,5
1765,                Habu Skin,1,1,3000,5,0,1,1,5
1766,                Tiger Eye,1,1,10000,5,1,1,100000,5
1767,           Eltoro Leather,1,1,300000,5,1,1,500000,5
1768,          Rheiyoh Leather,1,1,10000,5,1,1,10000,5
1769,                 Galateia,1,1,10000,5,1,1,400000,5
1770,           Oversized Fang,1,1,1000,5,0,1,1,5
1771,              Dragon Bone,1,1,800,5,1,1,10000,5
1772,             Super Cermet,1,1,20000,5,1,1,11200,5
1773,              Dark Scales,1,1,5000,5,1,1,50000,5
1774,               Red Gravel,1,1,8000,5,0,1,1,5
1775,                 Brimsand,1,1,5000,5,1,1,100000,5
1776,                Spaghetti,1,1,2000,5,1,1,8000,5
1813,                     Vrml,1,1,10000,5,1,1,10000,5
1814,                    Ethrl,1,1,1000,5,1,1,20000,5
1815,           Sanctified Lbr,1,1,100000,5,0,1,1,5
1816,                Wyrm Horn,1,1,5000,5,0,1,1,5
1817,               Cactus Arm,1,1,500,5,1,1,1,5
1828,                  Red Grs,1,1,2550,5,1,1,15000,5
1829,          Red Grass Cloth,1,1,10000,5,1,1,40000,5
1830,             Lugworm Sand,1,1,1000,5,0,1,1,5
1831,               Worm Mulch,1,1,1000,5,0,1,1,5
1832,                      Bkn,1,1,3000,5,0,1,1,5
1833,                      Bkn,1,1,3000,5,0,1,1,5
1834,           Ardent Jadeite,1,1,2000,5,1,1,128000,5
1835,         Vivified Mythril,1,1,10000,5,1,1,300000,5
1836,                   Marble,1,1,50000,5,0,1,1,5
1840,                 Semolina,1,1,1000,5,0,1,1,5
1841,             Unicorn Horn,1,1,1000,5,0,1,1,5
1845,           Red Moko Grass,1,1,500,5,1,1,2000,5
1869,               Lamia Skin,1,1,3000,5,1,1,38000,5
1879,           Vivio Platinum,1,1,3000,5,0,1,1,5
1882,             Flaxseed Oil,1,1,4000,5,1,1,10000,5
1883,             Shell Powder,1,1,1000,5,1,1,15000,5
1884,               Zinc Oxide,1,1,1000,5,1,1,10000,5
1885,                  Zincite,1,1,1000,5,0,1,1,5
1886,          Sieglinde Putty,1,1,3000,5,1,1,20000,5
1887,              Glass Sheet,1,1,10000,5,1,1,40000,5
1888,                   Silica,1,1,3000,5,1,1,50000,5
1889,               White Sand,1,1,1000,5,0,1,1,5
1890,            River Foliage,1,1,1000,5,0,1,1,5
1891,              Sea Foliage,1,1,5000,5,0,1,1,5
1892,              Desalinator,1,1,5000,5,0,1,1,5
1893,                Salinator,1,1,3000,5,0,1,1,5
1895,           Freshwater Set,1,1,5000,5,0,1,1,5
1896,            Saltwater Set,1,1,5000,5,0,1,1,5
1961,          Gold Arrowheads,1,1,14399,5,1,1,90000,5
1962,                      Plt,1,1,10,5,1,1,20000,5
1963,                      Mag,1,1,50000,5,1,1,50000,5
1964,                      Mag,1,1,1000,5,0,1,1,5
1965,                      Mag,1,1,50000,5,0,1,1,5
1966,                      Brl,1,1,777,5,0,1,1,5
1967,         Dull Gold Thread,1,1,5000,5,0,1,1,5
1968,                       Sh,1,1,155000,5,0,1,1,5
1969,                        R,1,1,3000,5,0,1,1,5
1970,                        T,1,1,10000,5,0,1,1,5
1971,                        S,1,1,10000,5,0,1,1,5
1972,                        G,1,1,1000,5,0,1,1,5
1973,              Vivio Femur,1,1,5500,5,0,1,1,5
1974,         Vivio Crab Shell,1,1,1,5,0,1,1,5
1975,                       Vi,1,1,10000,5,0,1,1,5
1976,                       Vi,1,1,10000,5,1,1,1,5
1977,                       Vi,1,1,1000,5,0,1,1,5
1978,                      Bld,1,1,6337,5,0,1,1,5
1979,             Leech Saliva,1,1,500,5,1,1,2000,5
1980,             Antican Acid,1,1,1000,5,1,1,10000,5
1981,             Skull Locust,1,1,100,5,1,1,3000,5
1982,              King Locust,1,1,100,5,1,1,2000,5
1983,                   Mushrm,1,1,400,5,1,1,8000,5
1984,            Snapping Mole,1,1,100,5,1,1,1000,5
1985,              Helmet Mole,1,1,100,5,0,1,1,5
1989,              Dark Bronze,1,1,30000,5,1,1,50000,5
1990,                      Drk,1,1,10000,5,1,1,200000,5
1991,           Silver Brocade,1,1,20000,5,1,1,380000,5
1992,             Holy Leather,1,1,8000,5,1,1,40000,5
1993,            Ether Leather,1,1,50000,5,1,1,70000,5
1994,             Ether Cotton,1,1,40000,5,1,1,30000,5
1995,              Ether Holly,1,1,20000,5,1,1,25000,5
1996,           Rainbow Velvet,1,1,20000,5,1,1,100000,5
1997,                Sailcloth,1,1,5000,5,1,1,10000,5
1998,             Sheep Chammy,1,1,40000,5,1,1,200000,5
1999,             Gold Brocade,1,1,30000,5,1,1,40000,5
2000,              Dark Adaman,1,1,5000,5,1,1,120000,5
2001,                      Drk,1,1,20000,5,1,1,200000,5
2002,               Beast Horn,1,1,5000,5,0,1,1,5
2003,             White Mouton,1,1,5000,5,1,1,60000,5
2004,                    Carap,1,1,1000,5,1,1,10000,5
2005,          Hunter's Cotton,1,1,2000,5,1,1,10000,5
2006,                Iyo Scale,1,1,25000,5,1,1,255510,5
2007,                       Lm,1,1,30000,5,1,1,7161,5
2008,                       Lt,1,1,20000,5,1,1,65000,5
2009,               Coral Horn,1,1,100000,5,0,1,1,5
2010,                Wolf Felt,1,1,90500,5,1,1,40000,5
2011,                 Wolf Fur,1,1,5000,5,1,1,20000,5
2012,                       Lm,1,1,14000,5,1,1,175000,5
2013,             Lizard Blood,1,1,500,5,1,1,10000,5
2014,               Bird Blood,1,1,100,5,1,1,10000,5
2015,              Beast Blood,1,1,1000,5,1,1,10000,5
2016,                     Loam,1,1,200,5,1,1,20000,5
2109,                  Bittern,1,1,1000,5,1,1,7979,5
2110,               Fish Stock,1,1,1000,5,1,1,1,5
2111,                Soy Stock,1,1,1,5,1,1,30000,5
2112,                  Vanilla,1,1,1,5,1,1,4000,5
2113,              Baking Soda,1,1,3000,5,1,1,5000,5
2121,             Ovinnik Hide,1,1,2000,5,1,1,20000,5
2122,          Ovinnik Leather,1,1,8000,5,1,1,120000,5
2123,          Catoblepas Hide,1,1,5000,5,1,1,15000,5
2124,                   Catobl,1,1,10000,5,1,1,50000,5
2125,            Yellow Mouton,1,1,40000,5,0,1,1,5
2126,                 Orpiment,1,1,5000,5,0,1,1,5
2128,                  Spindle,1,1,200,5,1,1,2000,5
2129,              Tanning Vat,1,1,300,5,1,1,1000,5
2130,            Shagreen File,1,1,1000,5,0,1,1,5
2131,               Triturator,1,1,1000,5,1,1,2000,5
2132,                        M,1,1,2,5,0,1,1,5
2133,                        M,1,1,1000,5,0,1,1,5
2134,              Lucent Iron,1,1,1000,5,0,1,1,5
2135,             Lucent Steel,1,1,721,5,0,1,1,5
2136,          Mighty Sardonyx,1,1,14900,5,1,1,290000,5
2137,          Vision Amethyst,1,1,5000,5,1,1,11294,5
2138,                       Al,1,1,5501,5,0,1,1,5
2139,                       Fr,1,1,1000,5,0,1,1,5
2140,        Fragrant Ram Skin,1,1,5000,5,0,1,1,5
2141,                     Wail,1,1,114514,5,0,1,1,5
2142,         Wailing Ram Horn,1,1,1,5,0,1,1,5
2143,                  Mandrel,1,1,100,5,1,1,5000,5
2144,           Workshop Anvil,1,1,200,5,1,1,10000,5
2145,            Zephyr Thread,1,1,1000,5,1,1,1000,5
2146,             Merrow Scale,1,1,3000,5,0,1,1,5
2147,               Marid Tusk,1,1,1000,5,1,1,20000,5
2148,                 Puk Wing,1,1,100,5,1,1,7000,5
2149,          Apkallu Feather,1,1,1000,5,1,1,22500,5
2150,          Colibri Feather,1,1,100,5,1,1,1750,5
2151,               Marid Hide,1,1,2000,5,1,1,30000,5
2152,            Marid Leather,1,1,20000,5,1,1,300000,5
2153,           Qiqirn Sandbag,1,1,3000,5,1,1,15500,5
2154,              Orobon Lure,1,1,1000,5,1,1,10000,5
2155,            Lesser Chigoe,1,1,2000,5,1,1,5000,5
2156,                       Im,1,1,7000,5,1,1,70000,5
2157,                 Imp Horn,1,1,1000,5,1,1,30000,5
2158,               Hydra Fang,1,1,1000,5,1,1,30000,5
2159,           Qutrub Bandage,1,1,2000,5,1,1,15000,5
2160,           Troll Pauldron,1,1,1000,5,0,1,1,5
2161,           Troll Vambrace,1,1,1000,5,0,1,1,5
2162,         Mamool Ja Helmet,1,1,1000,5,1,1,12000,5
2163,                 Imp Wing,1,1,1000,5,1,1,3000,5
2164,                     Peph,1,1,1000,5,1,1,13000,5
2165,            Qutrub Gorget,1,1,1000,5,0,1,1,5
2166,               Marid Hair,1,1,3000,5,1,1,50000,5
2167,            Lamian Armlet,1,1,1000,5,0,1,1,5
2168,            Cerberus Claw,1,1,2000,5,1,1,30000,5
2169,            Cerberus Hide,1,1,20000,5,1,1,50000,5
2170,                   Cerber,1,1,35000,5,1,1,360000,5
2171,             Colibri Beak,1,1,1000,5,1,1,1000,5
2172,              Hydra Scale,1,1,2000,5,1,1,100000,5
2173,                      Wam,1,1,2000,5,1,1,25000,5
2175,                Flan Meat,1,1,1000,5,1,1,20000,5
2176,                Fire Card,1,1,1000,5,1,1,10000,5
2177,                 Ice Card,1,1,5000000,5,1,1,10000,5
2178,                Wind Card,1,1,1883304,5,1,1,7000,5
2179,               Earth Card,1,1,2750,5,1,1,8000,5
2180,             Thunder Card,1,1,1,5,1,1,10000,5
2181,               Water Card,1,1,53000500,5,1,1,10000,5
2182,               Light Card,1,1,100,5,1,1,7000,5
2183,                Dark Card,1,1,500,5,1,1,8000,5
2184,                      Imp,1,1,2000,5,1,1,100000,5
2185,                      Imp,1,1,10000,5,1,1,200000,5
2186,                      Imp,1,1,20000,5,1,1,150000,5
2187,                      Imp,1,1,20000,5,1,1,2000000,5
2188,          Wyvern Tailskin,1,1,1000,5,0,1,1,5
2189,            Fiendish Skin,1,1,15000,5,1,1,100000,5
2197,               Chocotonic,1,1,5000,5,1,1,20000,5
2198,                        W,1,1,15000,5,1,1,100500,5
2199,              Sparkstrand,1,1,50000,5,1,1,250000,5
2200,             Twill Damask,1,1,6000,5,1,1,400000,5
2201,                     Toko,1,1,5000,5,1,1,10000,5
2202,                      Gar,1,1,2000,5,1,1,4000,5
2203,               Cupid Worm,1,1,1000,5,1,1,10000,5
2204,            Parasite Worm,1,1,1250,5,1,1,4000,5
2205,                   Gregar,1,1,1000,5,1,1,20000,5
2206,               Chocolixir,1,1,7000,5,0,1,1,5
2207,           Celerity Salad,1,1,5000,5,0,1,1,5
2208,               Herb Paste,1,1,1000,5,1,1,35000,5
2209,               Worm Paste,1,1,100000,5,0,1,1,5
2210,          Vegetable Paste,1,1,1000,5,1,1,10000,5
2211,             Carrot Paste,1,1,2000,5,1,1,30000,5
2213,                Pine Nuts,1,1,100,5,1,1,2000,5
2214,            Imperial Rice,1,1,1000,5,1,1,10000,5
2215,               Cornstarch,1,1,100,5,1,1,5000,5
2216,              Lamp Marimo,1,1,10000,5,1,1,10000,5
2227,         Mamool Ja Collar,1,1,1000,5,0,1,1,5
2228,             Luminium Ore,1,1,10000,5,1,1,120000,5
2229,            Chimera Blood,1,1,2000,5,1,1,20000,5
2230,                      Lam,1,1,100,5,1,1,10500,5
2231,                      Lam,1,1,1000,5,0,1,1,5
2232,                      Lam,1,1,100,5,0,1,1,5
2233,                      Lam,1,1,1,5,0,1,1,5
2234,            Wailing Shell,1,1,50,5,0,1,1,5
2235,          Wildgrass Seeds,1,1,200,5,1,1,3000,5
2236,                   Simsim,1,1,1000,5,1,1,3000,5
2237,           Imperial Flour,1,1,1000,5,1,1,2000,5
2238,                   Strobe,1,1,30000,5,1,1,155000,5
2239,           Tension Spring,1,1,10000,5,1,1,50000,5
2240,                Inhibitor,1,1,10000,5,1,1,7500,5
2241,                      Ten,1,1,30000,5,1,1,25000,5
2242,             Mana Booster,1,1,10000,5,1,1,100000,5
2243,              Loudspeaker,1,1,10000,5,1,1,105000,5
2244,                  Scanner,1,1,10000,5,1,1,10000,5
2245,           Loudspeaker II,1,1,30000,5,1,1,60000,5
2246,              Accelerator,1,1,10000,5,1,1,55000,5
2247,                    Scope,1,1,9000,5,1,1,50000,5
2248,           Pattern Reader,1,1,10000,5,1,1,10000,5
2249,           Accelerator II,1,1,30000,5,0,1,1,5
2250,           Shock Absorber,1,1,14000,5,1,1,350000,5
2251,              Armor Plate,1,1,10000,5,1,1,90000,5
2252,                 Analyzer,1,1,10000,5,1,1,52500,5
2253,           Armor Plate II,1,1,20000,5,1,1,6500,5
2254,               Stabilizer,1,1,10000,5,1,1,50500,5
2255,                 Volt Gun,1,1,10000,5,0,1,1,5
2256,              Heat Seeker,1,1,20000,5,0,1,1,5
2257,            Stabilizer II,1,1,10000,5,1,1,30000,5
2258,              Mana Jammer,1,1,10000,5,1,1,200000,5
2259,                 Heatsink,1,1,80000,5,1,1,200000,5
2260,           Stealth Screen,1,1,10000,5,1,1,55000,5
2261,           Mana Jammer II,1,1,5000,5,0,1,1,5
2262,          Auto-Repair Kit,1,1,10000,5,1,1,50000,5
2263,                Flashbulb,1,1,10000,5,0,1,1,5
2264,             Damage Gauge,1,1,10000,5,1,1,100000,5
2265,                 Auto-Rep,1,1,20000,5,0,1,1,5
2266,                Mana Tank,1,1,10000,5,1,1,100000,5
2267,           Mana Converter,1,1,10000,5,1,1,70000,5
2268,           Mana Conserver,1,1,10000,5,1,1,52500,5
2269,             Mana Tank II,1,1,30000,5,1,1,40000,5
2270,          Coffee Cherries,1,1,100,5,1,1,2000,5
2271,             Coffee Beans,1,1,1,5,1,1,4000,5
2272,                      Rst,1,1,100,5,1,1,1000,5
2273,            Coffee Powder,1,1,100,5,1,1,3000,5
2274,             Mohbwa Cloth,1,1,3000,5,1,1,30000,5
2275,        Scintillant Ingot,1,1,30000,5,1,1,950000,5
2287,           Karakul Thread,1,1,10000,5,1,1,200000,5
2288,            Karakul Cloth,1,1,24500,5,1,1,200000,5
2289,            Wamoura Cloth,1,1,10000,5,1,1,450000,5
2290,          Imperial Cermet,1,1,5000,5,1,1,10000,5
2291,            Puk Fletching,0,1,1,5,1,1,2000,5
2292,                    Apkal,1,1,1,5,1,1,5000,5
2293,                        M,1,1,5000,5,1,1,30000,5
2294,                      Par,1,1,1,5,1,1,200000,5
2295,             Mohbwa Grass,1,1,400,5,1,1,3000,5
2296,            Mohbwa Thread,1,1,2000,5,1,1,30000,5
2297,           Water Arrowhds,0,1,1,5,0,1,1,5
2298,            Wind Arrowhds,1,1,1000,5,1,1,10000,5
2299,           Earth Arrowhds,0,1,1,5,1,1,20000,5
2300,                  Ebonite,1,1,105000,5,1,1,420,5
2301,                 Polyflan,1,1,1000,5,1,1,5000,5
2302,                       Tr,1,1,10000,5,1,1,60000,5
2303,                       Tr,1,1,10000,5,1,1,20000,5
2304,             Wamoura Silk,1,1,5000,5,1,1,100000,5
2305,               Auric Sand,1,1,1000,5,1,1,5000,5
2308,             Mythril Coil,1,1,1000,5,0,1,1,5
2309,                   Homncl,1,1,2000,5,1,1,30000,5
2310,               Plasma Oil,1,1,8500,5,1,1,10000,5
2311,                     Myth,1,1,5000,5,1,1,5000,5
2315,             Karakul Wool,1,1,500,5,1,1,40000,5
2316,           Polyflan Paper,1,1,1000,5,1,1,2000,5
2322,                  Attuner,1,1,2000,5,0,1,1,5
2323,                     Tact,1,1,3000,5,0,1,1,5
2324,            Drum Magazine,1,1,2000,5,0,1,1,5
2325,                Equalizer,1,1,3000,5,0,1,1,5
2326,            Target Marker,1,1,1000,5,0,1,1,5
2327,           Mana Channeler,1,1,1000,5,0,1,1,5
2328,                   Eraser,1,1,2000,5,0,1,1,5
2329,             Smoke Screen,1,1,2000,5,0,1,1,5
2330,            Yoichi's Sash,1,1,50000,5,1,1,65000,5
2334,              Poroggo Hat,1,1,1000,5,1,1,25000,5
2335,                   Soulfl,1,1,500,5,1,1,3000,5
2336,         Soulflayer Staff,1,1,1000,5,1,1,10000,5
2337,             Wamoura Hair,1,1,2000,5,1,1,40000,5
2338,            Wamoura Scale,1,1,2000,5,1,1,50000,5
2340,                      Imp,1,1,20000,5,1,1,140000,5
2343,         La Theine Millet,1,1,4000,5,0,1,1,5
2345,            Hi-Chocolixir,1,1,20000,5,0,1,1,5
2346,            Tornado Salad,1,1,10000,5,0,1,1,5
2347,          Reactive Shield,1,1,10000,5,0,1,1,5
2348,             Tranquilizer,1,1,70000,5,0,1,1,5
2349,            Turbo Charger,1,1,90000,5,0,1,1,5
2350,                 Schurzen,1,1,30000,5,0,1,1,5
2351,                   Dynamo,1,1,10000,5,0,1,1,5
2352,                Condenser,1,1,50000,5,0,1,1,5
2353,              Optic Fiber,1,1,100000,5,0,1,1,5
2354,               Economizer,1,1,100000,5,0,1,1,5
2358,                 Lithic W,1,1,1000,5,0,1,1,5
2359,            Star Sapphire,1,1,20000,5,1,1,200000,5
2360,              Golden Gear,1,1,35000,5,1,1,506172,5
2361,            Ameretat Vine,1,1,1000,5,1,1,1000,5
2362,             High Ebonite,1,1,5005,5,1,1,20000,5
2363,                Firebrick,1,1,30000,5,0,1,1,5
2364,           Yellow Ginseng,1,1,500,5,1,1,10000,5
2365,              Demon Blood,1,1,1000,5,1,1,7500,5
2366,           Whistle Coupon,1,1,2000,5,0,1,1,5
2367,              Gysahl Slop,1,1,1500,5,0,1,1,5
2370,             Flower Seeds,1,1,1000,5,1,1,15000,5
2371,            Khimaira Horn,1,1,50000,5,1,1,350000,5
2372,            Khimaira Mane,1,1,10000,5,1,1,120000,5
2373,            Khimaira Tail,1,1,3000,5,0,1,1,5
2374,               Viper Dust,1,1,9000,5,0,1,1,5
2379,                      Ylw,1,1,50000,5,0,1,1,5
2380,          Red Chocobo Dye,1,1,50000,5,0,1,1,5
2381,         Blue Chocobo Dye,1,1,50000,5,0,1,1,5
2382,                      Grn,1,1,50000,5,0,1,1,5
2383,                      Blk,1,1,50000,5,0,1,1,5
2389,              Speed Apple,1,1,1000,5,1,1,5000,5
2390,            Stamina Apple,1,1,5000,5,1,1,40000,5
2391,             Shadow Apple,1,1,1000,5,1,1,7500,5
2392,           Pepper Biscuit,1,1,1500,5,1,1,5000,5
2393,             Fire Biscuit,1,1,3000,5,1,1,10000,5
2394,              Gysahl Bomb,1,1,1000,5,1,1,10000,5
2395,               Spore Bomb,1,1,1,5,1,1,8500,5
2396,                  Fairwth,1,1,1168,5,1,1,1000,5
2397,                  Foulwth,1,1,1000,5,1,1,1,5
2398,           Chocobo Taping,1,1,5000,5,1,1,25000,5
2399,             Chocobo Blnk,1,1,2000000,5,1,1,10000,5
2400,              Shadow Roll,1,1,3500,5,1,1,5600,5
2401,             Chocobo Hood,1,1,2000,5,1,1,20000,5
2403,        R Chocotrain: STR,1,1,60000,5,0,1,1,5
2404,        R Chocotrain: END,1,1,20000,5,0,1,1,5
2405,        R Chocotrain: DSC,1,1,30000,5,0,1,1,5
2406,        R Chocotrain: RCP,1,1,50000,5,0,1,1,5
2407,             R Chocotrain,1,1,19999,5,0,1,1,5
2408,            Flocon-de-mer,1,1,5000,5,1,1,20000,5
2409,             Flame Holder,1,1,10000,5,0,1,1,5
2410,                Ice Maker,1,1,70000,5,1,1,5000,5
2411,               Replicator,1,1,50000,5,1,1,10000,5
2412,               Hammermill,1,1,30000,5,1,1,10000,5
2413,                   Coiler,1,1,10000,5,0,1,1,5
2414,             Steam Jacket,1,1,10500,5,0,1,1,5
2417,         Aht Urhgan Brass,1,1,300,5,1,1,1000,5
2418,                        A,1,1,2000,5,1,1,12000,5
2419,                        A,1,1,150000,5,1,1,100000,5
2420,           Luminous Shell,1,1,5000,5,0,1,1,5
2421,             Spirit Shell,1,1,2,5,0,1,1,5
2422,                      Mtl,1,1,50,5,0,1,1,5
2423,              Frigid Skin,1,1,1064,5,1,1,180000,5
2424,                   Incomb,1,1,50000,5,0,1,1,5
2425,                    Humid,1,1,5501,5,0,1,1,5
2426,               Wivre Horn,1,1,1000,5,0,1,1,5
2427,               Wivre Maul,1,1,2000,5,1,1,20000,5
2428,               Wivre Hide,1,1,1000,5,0,1,1,5
2439,              Cursed Helm,1,1,60000,5,0,1,1,5
2441,                        C,1,1,50000,5,0,1,1,5
2443,         Cursed Gauntlets,1,1,30000,5,0,1,1,5
2444,                        C,0,1,1,5,0,1,1,5
2445,           Cursed Cuishes,1,1,50000,5,0,1,1,5
2447,          Cursed Sabatons,1,1,50000,5,0,1,1,5
2449,               Cursed Hat,1,1,100000,5,0,1,1,5
2451,              Cursed Coat,1,1,50000,5,0,1,1,5
2452,Cursed Coat -1,1,1,50990082,5,0,1,1,5
2453,             Cursed Cuffs,1,1,30000,5,0,1,1,5
2454,Cursed Cuffs -1,1,1,4,5,0,1,1,5
2455,             Cursed Trews,1,1,100000,5,0,1,1,5
2456,Cursed Trews -1,1,1,44444444,5,0,1,1,5
2457,             Cursed Clogs,1,1,100000,5,0,1,1,5
2458,Cursed Clogs -1,0,1,1,5,0,1,1,5
2459,                   Minium,1,1,20000,5,1,1,100000,5
2460,                        F,1,1,60000,5,1,1,5306,5
2461,              Rusty Medal,1,1,5000,5,0,1,1,5
2462,             Frayed Arrow,1,1,2000,5,0,1,1,5
2463,            Colorful Hair,1,1,10000,5,0,1,1,5
2464,           Carbon Dioxide,1,1,1000,5,1,1,10000,5
2465,               Rubber Cap,1,1,10000,5,0,1,1,5
2466,           Rubber Harness,1,1,100000,5,0,1,1,5
2467,            Rubber Gloves,1,1,20000,5,0,1,1,5
2468,          Rubber Chausses,1,1,50000,5,0,1,1,5
2469,             Rubber Soles,1,1,20000,5,0,1,1,5
2470,          Nethereye Chain,1,1,100000,5,0,1,1,5
2471,        Netherfield Chain,1,1,96000,5,0,1,1,5
2472,       Netherspirit Chain,1,1,1000,5,0,1,1,5
2473,         Nethercant Chain,1,1,20000,5,0,1,1,5
2474,         Netherpact Chain,1,1,100000,5,0,1,1,5
2475,                   Kaolin,1,1,150000,5,1,1,60000,5
2476,            Platinum Silk,1,1,3000,5,1,1,100000,5
2482,          Chocotrain: STR,1,1,30000,5,0,1,1,5
2483,          Chocotrain: END,1,1,20000,5,0,1,1,5
2484,          Chocotrain: DSC,1,1,30000,5,0,1,1,5
2485,          Chocotrain: RCP,1,1,30000,5,0,1,1,5
2496,                      Anc,1,1,1000,5,1,1,12000,5
2497,          Kukulkan's Skin,1,1,150000,5,0,1,1,5
2498,          Briareus's Sash,1,1,5000,5,0,1,1,5
2499,                   Regurg,1,1,20000,5,0,1,1,5
2501,                        B,1,1,20000,5,0,1,1,5
2502,                        W,1,1,20000,5,0,1,1,5
2503,                   Almond,1,1,1000,5,1,1,20000,5
2504,                        H,1,1,1000,5,1,1,12000,5
2505,                        H,1,1,1000,5,1,1,12000,5
2506,             Ladybug Wing,1,1,1000,5,1,1,10000,5
2507,        Lycopodium Flower,1,1,1000,5,0,1,1,5
2508,                Gold Dust,1,1,1000,5,1,1,5000,5
2509,                 Slug Eye,1,1,10000,5,1,1,200000,5
2510,               Orc Helmet,1,1,1000,5,1,1,12000,5
2511,             Orc Pauldron,1,1,1000,5,0,1,1,5
2512,                Lynx Hide,1,1,3000,5,1,1,30000,5
2513,           Rafflesia Vine,1,1,1000,5,0,1,1,5
2514,          Rafflesia Petal,1,1,100,5,1,1,5000,5
2518,            Smilodon Hide,1,1,1000,5,1,1,20000,5
2519,             Yagudo Osode,1,1,1000,5,0,1,1,5
2520,              Yagudo Kote,1,1,1000,5,1,1,12000,5
2521,               Gnole Claw,1,1,3000,5,1,1,50000,5
2522,                Gnat Wing,1,1,1000,5,1,1,10000,5
2523,              Peiste Skin,1,1,2000,5,1,1,20000,5
2524,           Peiste Stinger,1,1,3000,5,1,1,10000,5
2529,                   Smildn,1,1,23000,5,1,1,46000,5
2530,             Lynx Leather,1,1,30000,5,1,1,50000,5
2531,                 Obsidian,1,1,100,5,0,1,1,5
2532,                 Teak Log,1,1,2000,5,1,1,40000,5
2533,              Teak Lumber,1,1,5000,5,1,1,49000,5
2534,            Jacaranda Log,1,1,6000,5,1,1,50000,5
2535,            Jacaranda Lbr,1,1,5000,5,1,1,250000,5
2536,           Electrum Ingot,1,1,25000,5,1,1,30000,5
2537,                   Cilice,1,1,35000,5,1,1,50000,5
2538,           Peiste Leather,1,1,30000,5,1,1,100000,5
2539,             Dhalmel Hair,1,1,4000,5,1,1,75000,5
2542,          Goblin Mess Tin,1,1,4000,5,1,1,12000,5
2543,              Goblin Weel,1,1,1000,5,0,1,1,5
2546,                      Blk,1,1,10,5,1,1,30000,5
2547,                    Obsid,1,1,100,5,1,1,45078,5
2548,          Gnat Fletchings,0,1,1,5,1,1,10000,5
2549,                Djinn Ash,1,1,1000,5,1,1,10000,5
2550,                   Vellum,1,1,3000,5,1,1,80000,5
2551,           Electrum Chain,0,1,1,5,1,1,200000,5
2553,          Sanjaku-Tenugui,1,1,100,5,1,1,10000,5
2554,                 Asphodel,1,1,500,5,1,1,4000,5
2555,                    Soshi,0,1,1,5,1,1,20000,5
2561,              Pizza Dough,1,1,1000,5,1,1,8000,5
2563,              Karugo Clay,1,1,1000,5,1,1,50000,5
2568,                     Lthe,1,1,1000,5,1,1,12000,5
2569,             Lethe Potage,1,1,5050,5,1,1,10000,5
2570,            Pelt Of Dawon,1,1,100000,5,1,1,1700000,5
2639,            Hardened Bone,1,1,3000,5,0,1,1,5
2640,            Murex Spicule,1,1,1000,5,1,1,70000,5
2641,                      Amb,1,1,1000,5,1,1,220000,5
2642,                  Kabenro,1,1,46,5,1,1,20000,5
2643,                    Jinko,1,1,24,5,1,1,10000,5
2644,                    Ryuno,1,1,1,5,1,1,20000,5
2645,           Eastern Ginger,1,1,1000,5,1,1,1000,5
2648,                      Ant,1,1,2000,5,1,1,150000,5
2649,           Colibri Fltchg,1,1,5000,5,1,1,10000,5
2650,                      Drk,1,1,100,5,1,1,20000,5
2651,                      Fsn,0,1,1,5,1,1,30000,5
2652,               Gigas Helm,1,1,1000,5,1,1,10000,5
2653,          Gigas Gauntlets,1,1,1000,5,1,1,10000,5
2654,          Dark Ixion Horn,1,1,10000,5,1,1,500000,5
2655,          Dark Ixion Tail,1,1,200000,5,0,1,1,5
2702,          Buckwheat Flour,1,1,1,5,1,1,12345,5
2703,                    Khrom,1,1,5000,5,1,1,398000,5
2704,          Oil-Soaked Clth,1,1,50000,5,1,1,30000,5
2705,                  Foulard,1,1,50000,5,1,1,55500,5
2706,                Blue Text,1,1,10000,5,1,1,3000,5
2707,               Green Text,1,1,5000,5,1,1,5000,5
2708,               Yellow Txt,1,1,10000,5,1,1,2000,5
2709,               White Text,1,1,10000,5,1,1,1000,5
2710,             Soba Noodles,1,1,2013,5,1,1,21007,5
2711,            Khroma Nugget,1,1,1000,5,1,1,50000,5
2712,          Red Textile Dye,1,1,1000,5,1,1,5000,5
2713,              Dyer's Woad,1,1,1000,5,1,1,10000,5
2729,                Hydrangea,1,1,9000,5,0,1,1,5
2733,                        S,1,1,8000,5,0,1,1,5
2735,                       Dk,1,1,50000,5,1,1,800000,5
2737,              Silky Suede,1,1,30000,5,0,1,1,5
2743,              Oxblood Orb,1,1,30000,5,1,1,17000,5
2744,           Angel Skin Orb,1,1,30000,5,1,1,75000,5
2747,          Gargouille Horn,1,1,3000,5,1,1,240000,5
2748,                  Garglle,1,1,500,5,1,1,6000,5
2749,           Gargouille Eye,1,1,1000,5,1,1,12000,5
2750,          Amphiptere Hide,1,1,5000,5,1,1,200000,5
2751,                     Amph,1,1,40000,5,1,1,1200000,5
2752,                     Amph,1,1,5000,5,0,1,1,5
2753,          Amphiptere Claw,1,1,5000,5,0,1,1,5
2754,              Ruszor Fang,1,1,1000,5,1,1,10000,5
2755,              Ruszor Hide,1,1,5000,5,1,1,20000,5
2756,           Ruszor Leather,1,1,20000,5,1,1,100000,5
2761,             Feyweald Log,1,1,1000,5,1,1,15000,5
2762,                   Feywld,1,1,3000,5,1,1,20000,5
2763,                Swamp Ore,1,1,500,5,1,1,20000,5
2764,            Dweomer Steel,1,1,5000,5,1,1,80000,5
2765,          Fool's Gold Ore,1,1,1000,5,1,1,10000,5
2766,            Oberon's Gold,1,1,20000,5,1,1,100000,5
2767,                       Ob,1,1,14343,5,1,1,100000,5
2768,          Revertant: Sing,1,1,18686864,5,0,1,1,5
2769,             Buggane Horn,1,1,1000,5,0,1,1,5
2770,          White Butterfly,1,1,8500,5,1,1,50000,5
2771,             Bell Cricket,1,1,6000,5,0,1,1,5
2772,                  Glowfly,1,1,3000,5,1,1,1,5
2773,           Fine Parchment,1,1,40000,5,0,1,1,5
2774,            Enchanted Ink,1,1,50000,5,0,1,1,5
2775,               Padded Box,1,1,20000,5,0,1,1,5
2776,             Pumice Stone,1,1,3000,5,0,1,1,5
2777,           Magicked Blood,1,1,30000,5,0,1,1,5
2778,          Inferior Cocoon,1,1,2000,5,0,1,1,5
2784,              Fire Fewell,1,1,2000,5,1,1,20000,5
2785,               Ice Fewell,1,1,1000,5,1,1,10000,5
2786,              Wind Fewell,1,1,1000,5,1,1,12000,5
2787,             Earth Fewell,1,1,2000,5,1,1,20000,5
2788,         Lightning Fewell,1,1,1000,5,1,1,20000,5
2789,             Water Fewell,1,1,2000,5,1,1,20000,5
2790,             Light Fewell,1,1,2500,5,1,1,50000,5
2791,              Dark Fewell,1,1,3000,5,1,1,30000,5
2792,            Catalytic Oil,1,1,500,5,1,1,5000,5
2800,                Revertant,1,1,1000,5,0,1,1,5
2803,Mordant 15,1,1,10000,5,1,1,10000,5
2804,Mordant 30,0,1,1,5,0,1,1,5
2805,Mordant 45,0,1,1,5,0,1,1,5
2806,Mordant 60,1,1,60,5,0,1,1,5
2807,Mordant 75,1,1,2000,5,1,1,10000,5
2823,                  Iridium,1,1,1000,5,1,1,12000,5
2824,                 Shagreen,1,1,1000,5,1,1,12000,5
2825,                  Cambric,1,1,1000,5,1,1,120000,5
2826,             Mandra Scale,1,1,3000,5,0,1,1,5
2827,                      Rgd,1,1,10000,5,0,1,1,5
2828,          Herensugue Skin,1,1,10000,5,0,1,1,5
2829,           Radiant Velvet,1,1,5000,5,0,1,1,5
2830,              Bastet Fang,1,1,2000,5,0,1,1,5
2831,                      Yel,1,1,10000,5,0,1,1,5
2832,          Samwell's Shank,1,1,10000,5,0,1,1,5
2833,            Thunder Coral,1,1,55000,5,0,1,1,5
2834,            Immortal Molt,1,1,10000,5,0,1,1,5
2835,                Dahu Hair,1,1,1000,5,0,1,1,5
2836,            Woolly Pelage,1,1,25000,5,0,1,1,5
2837,           Ratatoskr Pelt,1,1,1000,5,0,1,1,5
2838,          Ephemeral Cloth,1,1,1000,5,0,1,1,5
2839,                Coquecigr,1,1,20000,5,0,1,1,5
2840,           Imperial Topaz,1,1,10000,5,0,1,1,5
2841,                      Qdv,1,1,2000,5,0,1,1,5
2842,            Flawed Garnet,1,1,10000,5,0,1,1,5
2843,                Lineadach,1,1,1000,5,0,1,1,5
2844,          Penumbral Brass,1,1,2000,5,0,1,1,5
19315,           Erebus's Lance,1,1,5000,5,0,1,1,5
19316,             Fetter Lance,1,1,20000,5,0,1,1,5
19317,             Borian Spear,1,1,250000,5,0,1,1,5
19732,              Miramar Gun,1,1,5000,5,0,1,1,5
19733,            Beursault Bow,1,1,40000,5,0,1,1,5
19734,Beursault Bow +1,1,1,200000,5,0,1,1,5
19735,        Cecchino's Fucile,1,1,50000,5,0,1,1,5
19736,                  Cecchin,1,1,300000,5,0,1,1,5
19737,              Percept Bow,1,1,30000,5,0,1,1,5
19738,               Aife's Bow,1,1,600000,5,0,1,1,5
19739,           Moros Crossbow,1,1,10000,5,0,1,1,5
19740,             Stoertebeker,1,1,10000,5,0,1,1,5
19761,                Impatiens,1,1,800000,5,0,1,1,5
19762,          Oneiros Tathlum,1,1,30000,5,0,1,1,5
19764,             Demonry Core,1,1,40000,5,0,1,1,5
19765,            Demonry Stone,1,1,10000,5,0,1,1,5
19766,           Fracas Grenade,1,1,100000,5,0,1,1,5
19767,           Oneiros Pebble,1,1,20000,5,0,1,1,5
19768,         Egoist's Tathlum,1,1,10000,5,0,1,1,5
19771,                Strobilus,1,1,50000,5,0,1,1,5
19772,              Esper Stone,1,1,50000,5,0,1,1,5
19773,            Hagneia Stone,1,1,35000,5,0,1,1,5
19774,                Angha Gem,1,1,20000,5,0,1,1,5
19775,           Memoria Sachet,1,1,700000,5,0,1,1,5
19777,            Ombre Tathlum,1,1,130000,5,0,1,1,5
19778,             Hasty Pinion,1,1,20000,5,0,1,1,5
19779,         Potestas Bomblet,1,1,200000,5,0,1,1,5
19780,             Mana Ampulla,1,1,50000,5,0,1,1,5
19791,              Draca Couse,1,1,10000,5,0,1,1,5
19792,             Drachenstich,1,1,500000,5,0,1,1,5
19793,          Patientia Lance,1,1,5000,5,0,1,1,5
19800,         Gargouille Arrow,0,1,1,5,1,1,20000,5
19802,                 Orichalc,1,1,7000,5,1,1,70000,5
19803,            Adaman Bullet,1,1,10000,5,1,1,80000,5